approach,trust_mode,n_trials,final_nsw_ratio_mean,final_nsw_ratio_ci95,avg_malicious_resource_share_mean,avg_malicious_resource_share_ci95,final_detection_rate_mean,final_detection_rate_ci95,final_fp_rate_mean,final_fp_rate_ci95,final_min_util_mean,final_min_util_ci95,final_fairness_gap_mean,final_fairness_gap_ci95
adaptive_alpha,algorithm1,125,0.6808903378119444,0.013466840517692964,0.171272254191153,0.020122223152890074,0.544,0.08110971642904444,0.0,0.0,4.682780260275878,0.10514765678993082,1.3457232762613955,0.059428959506508935
adaptive_alpha,no_trust,125,0.520803686664427,0.01450756371631388,0.37976719967969963,0.015671340867426244,0.0,0.0,0.0,0.0,3.5212602130353976,0.10720319921526986,1.1910596844621044,0.05637830028302062
adaptive_alpha,oracle,125,0.7897758123820714,0.0024428442283463067,0.0,0.0,1.0,0.0,0.0,0.0,5.4955098733999055,0.039148134594211195,1.4407625402993307,0.05904003525243633
adaptive_alpha,sparse_online,125,0.7885264109753662,0.0024294611425463458,0.0015140621585156106,0.00021747926196268518,1.0,0.0,0.0,0.0,5.486383391197178,0.03908928469973034,1.441868971645477,0.05932687257369218
baseline_fixed_alpha,algorithm1,125,0.5822706478660006,0.01062206741848487,0.1679895540843802,0.020063752928956704,0.544,0.08110971642904444,0.0,0.0,3.9913128769128985,0.0843645168383914,1.191105541493268,0.05152143101279294
baseline_fixed_alpha,no_trust,125,0.44886897279803595,0.01243451982119424,0.36086880525044857,0.012410069528053144,0.0,0.0,0.0,0.0,3.0292406214907603,0.09175298446409191,1.0389861227534885,0.04855914149167214
baseline_fixed_alpha,oracle,125,0.6790758813198912,0.00045033224306646974,0.0,0.0,1.0,0.0,0.0,0.0,4.705184831914353,0.031283486918930375,1.290213755871729,0.05187239979578578
baseline_fixed_alpha,sparse_online,125,0.6777819488270924,0.000532284192671002,0.0015367501275982019,0.00022536637260609527,1.0,0.0,0.0,0.0,4.695540417895278,0.0313845520145315,1.291329475007246,0.0521596196605944
expert_advice,algorithm1,125,0.7185511449676094,0.012519254419856518,0.17497117918096505,0.020025909670732995,0.544,0.08110971642904444,0.0,0.0,4.933198247978373,0.1003470414757101,1.4278747366430886,0.061740093587754265
expert_advice,no_trust,125,0.5509958301370936,0.01668755291876915,0.3886696996571698,0.016740908738684036,0.0,0.0,0.0,0.0,3.711415716245793,0.12102708795847537,1.2832359831412037,0.05872437356197526
expert_advice,oracle,125,0.8355470831587163,0.0004307226429008247,0.0,0.0,1.0,0.0,0.0,0.0,5.808961608741815,0.035919344831573,1.5282935264641475,0.06113623098891645
expert_advice,sparse_online,125,0.8339217754780118,0.0005006071501648636,0.0019447425349899772,0.00023318847502149412,1.0,0.0,0.0,0.0,5.796715961543212,0.03573700794936294,1.5266188593937928,0.06127432208195982
generalized_mean_greedy,algorithm1,125,0.5530354819942487,0.011839917668469853,0.1687792718207087,0.02014652442147924,0.544,0.08110971642904444,0.0,0.0,3.9846796371238917,0.08775621136596312,0.7594538199951436,0.027188854553972516
generalized_mean_greedy,no_trust,125,0.44644677709895825,0.005827915377537401,0.3453999782967737,0.00901581135586426,0.0,0.0,0.0,0.0,3.2056646416284034,0.04654258726980176,0.6409680240016855,0.021794703132411886
generalized_mean_greedy,oracle,125,0.6526007765604771,0.0005776414683937595,0.0,0.0,1.0,0.0,0.0,0.0,4.717234952761849,0.025081828219718272,0.8601356286744968,0.025250547038899045
generalized_mean_greedy,sparse_online,125,0.6514644280154005,0.0005799647145665819,0.0017627716041908029,0.00020891296150721747,1.0,0.0,0.0,0.0,4.70866990041423,0.024851559836903354,0.8594039724119624,0.025211449221079114
pace_trusted,algorithm1,125,0.5680499712310291,0.012125567398355417,0.16457186838556298,0.02068835809841782,0.544,0.08110971642904444,0.0,0.0,3.6993661398017785,0.09166438667759236,1.659859227203422,0.0776805969767148
pace_trusted,no_trust,125,0.48966706912917823,0.0029239087997226594,0.29959478655642147,0.00424600243326825,0.0,0.0,0.0,0.0,3.1415881117765436,0.04159748625728625,1.4572398817813192,0.05323463091055905
pace_trusted,oracle,125,0.6659764832261872,0.002273457882424009,0.0,0.0,1.0,0.0,0.0,0.0,4.398585806670853,0.05481672851995531,1.8330319813697151,0.07826734638075916
pace_trusted,sparse_online,125,0.664318316025196,0.0021843601180470667,0.001653213439554052,0.0002345786501623404,1.0,0.0,0.0,0.0,4.361310704136335,0.054693191219529216,1.861193848104515,0.07581110002706201
pure_equal_alpha1,algorithm1,125,0.309604083042784,0.007562376080586549,0.15248873193473192,0.02053176698322452,0.544,0.08110971642904444,0.0,0.0,2.273585807727195,0.055316513034228305,0.32270490950950187,0.013680749494496738
pure_equal_alpha1,no_trust,125,0.2609505218837342,0.0005755967103796136,0.2857142857142856,1.9463067761458618e-17,0.0,0.0,0.0,0.0,1.917254950571632,0.006201669809440167,0.27137510823167893,0.009229345952392956
pure_equal_alpha1,oracle,125,0.3653307306372279,0.0008058353945314625,0.0,0.0,1.0,0.0,0.0,0.0,2.6841569308002846,0.00868233773321623,0.3799251515243499,0.012921084333350043
pure_equal_alpha1,sparse_online,125,0.36487108792403367,0.0008114107724864566,0.0010997276057276054,0.00012071444243718662,1.0,0.0,0.0,0.0,2.6802853955114654,0.00871865824290845,0.38059931944398495,0.012974137288205189
pure_greedy_alpha0,algorithm1,125,0.8383600820146123,0.014355049920584374,0.1792832565097155,0.02016379207279308,0.544,0.08110971642904444,0.0,0.0,5.724288084849355,0.1154589917188822,1.7334892970302986,0.07074768027064898
pure_greedy_alpha0,no_trust,125,0.6447868271594946,0.0194492781747601,0.4078053767923432,0.0196818297571439,0.0,0.0,0.0,0.0,4.31360757187067,0.14207083980313795,1.5595702352167706,0.06668439478186015
pure_greedy_alpha0,oracle,125,0.9727029090234555,0.0007530549731944897,0.0,0.0,1.0,0.0,0.0,0.0,6.722063310569886,0.04441095885006219,1.8433164857166706,0.0708804202892711
pure_greedy_alpha0,sparse_online,125,0.9709633746501931,0.0007777859618619911,0.0016572997029043288,0.0001743632319215158,1.0,0.0,0.0,0.0,6.709468996389335,0.04454059148014303,1.8411280959236356,0.07082408464451496
robust_aggregation,algorithm1,125,0.5587339055716041,0.011167687441931851,0.16465377425259717,0.020146210932309342,0.544,0.08110971642904444,0.0,0.0,3.9781148350183035,0.07907337402915171,0.8505125864803599,0.038858223344395225
robust_aggregation,no_trust,125,0.4578395271057973,0.005593930418644922,0.33493409587149664,0.007691318449371298,0.0,0.0,0.0,0.0,3.2346223832265104,0.05117351071404538,0.7338387408815207,0.0283274015829528
robust_aggregation,oracle,125,0.653794293177581,0.0010090795145306461,0.0,0.0,1.0,0.0,0.0,0.0,4.654588828364029,0.02705976377484782,0.9912438295432563,0.037440985546206694
robust_aggregation,sparse_online,125,0.6526711488714655,0.0010376339846523992,0.0014350359565405784,0.00021165950098243382,1.0,0.0,0.0,0.0,4.644647143567872,0.02706783905793286,0.9921440658504812,0.03751552866584546
sample_resolving,algorithm1,125,0.4791107853201691,0.010622737493715926,0.16745762134499476,0.020093540189318113,0.544,0.08110971642904444,0.0,0.0,3.4815249191249737,0.0785731354975109,0.592486575623034,0.021311559911936232
sample_resolving,no_trust,125,0.38784976801387205,0.004478931193029545,0.3381331511000073,0.008009739170591872,0.0,0.0,0.0,0.0,2.8140334608510713,0.03578673273986037,0.4908814448356221,0.015679538555023693
sample_resolving,oracle,125,0.5681289158802978,0.00045585028298254603,0.0,0.0,1.0,0.0,0.0,0.0,4.138048534323303,0.02064180095913384,0.6800689384879999,0.01924305920352041
sample_resolving,sparse_online,125,0.5662231169376635,0.0004960158745972356,0.002708324113783608,0.0003022190990724223,1.0,0.0,0.0,0.0,4.123685209430014,0.020886337434277494,0.6789379343400014,0.019194304911238726
