approach,attack_type,trust_mode,n_trials,final_nsw_ratio_mean,final_nsw_ratio_std,final_nsw_ratio_ci95,final_nsw_legit_mean,final_nsw_legit_std,final_nsw_legit_ci95,final_min_util_mean,final_min_util_std,final_min_util_ci95,final_fairness_gap_mean,final_fairness_gap_std,final_fairness_gap_ci95,final_detection_rate_mean,final_detection_rate_std,final_detection_rate_ci95,final_fp_rate_mean,final_fp_rate_std,final_fp_rate_ci95,final_fn_rate_mean,final_fn_rate_std,final_fn_rate_ci95,final_algorithm1_detection_rate_mean,final_algorithm1_detection_rate_std,final_algorithm1_detection_rate_ci95,final_algorithm1_fp_rate_mean,final_algorithm1_fp_rate_std,final_algorithm1_fp_rate_ci95,avg_malicious_resource_share_mean,avg_malicious_resource_share_std,avg_malicious_resource_share_ci95,final_malicious_resource_share_mean,final_malicious_resource_share_std,final_malicious_resource_share_ci95,avg_malicious_trusted_count_mean,avg_malicious_trusted_count_std,avg_malicious_trusted_count_ci95,final_malicious_trusted_count_mean,final_malicious_trusted_count_std,final_malicious_trusted_count_ci95,avg_alpha_t_mean,avg_alpha_t_std,avg_alpha_t_ci95,avg_expert_defensive_weight_mean,avg_expert_defensive_weight_std,avg_expert_defensive_weight_ci95,avg_expert_aggressive_weight_mean,avg_expert_aggressive_weight_std,avg_expert_aggressive_weight_ci95,avg_expert_gm_weight_mean,avg_expert_gm_weight_std,avg_expert_gm_weight_ci95
adaptive_alpha,burst,algorithm1,25,0.7121029034260595,0.021362829907787793,0.008374229323852815,5.576252892071891,0.1883278516377824,0.07382451784201069,4.92639605322859,0.2312383663482821,0.09064543960852658,1.356364318305143,0.2982056985785172,0.11689663384277874,1.0,0.0,0.0,0.0,0.0,0.0,0.0,0.0,0.0,1.0,0.0,0.0,0.0,0.0,0.0,0.09411351131861725,0.028611593683576974,0.011215744723962173,0.0,0.0,0.0,0.8427,0.28880349720874227,0.11321097090582696,0.0,0.0,0.0,0.3400599188194215,0.009591523434364563,0.003759877186270909,,,,,,,,,
adaptive_alpha,burst,no_trust,25,0.519149770927325,0.006846642207495413,0.002683883745338202,4.065216706459991,0.07856453872477007,0.030797299180109865,3.5216789294726776,0.1738908153485835,0.06816519961664473,1.1556315315944,0.2639519656710249,0.10346917054304176,0.0,0.0,0.0,0.0,0.0,0.0,1.0,0.0,0.0,1.0,0.0,0.0,0.0,0.0,0.0,0.3626344212828041,0.004345633732952456,0.001703488423317363,0.2823424236139756,0.32592669639499333,0.12776326498683738,4.0,0.0,0.0,4.0,0.0,0.0,0.34256846474466973,0.009643116708130456,0.0037801017495871386,,,,,,,,,
adaptive_alpha,burst,oracle,25,0.779753570926556,0.006356868314691684,0.00249189237935914,6.106151483873973,0.11481728826545566,0.04500837700005862,5.422376741254462,0.20592260882786093,0.08072166266052147,1.4359395034427778,0.3410477466945319,0.13369071670425653,1.0,0.0,0.0,0.0,0.0,0.0,0.0,0.0,0.0,1.0,0.0,0.0,0.0,0.0,0.0,0.0,0.0,0.0,0.0,0.0,0.0,0.0,0.0,0.0,0.0,0.0,0.0,0.33940556235594616,0.009675330527944346,0.003792729566954183,,,,,,,,,
adaptive_alpha,burst,sparse_online,25,0.7785614739364641,0.0063936803005620125,0.002506322677820309,6.096766516626211,0.11212274620474394,0.04395211651225962,5.414479831393679,0.20492603537685813,0.08033100586772839,1.4355343704291341,0.34056998134088806,0.13350343268562812,1.0,0.0,0.0,0.0,0.0,0.0,0.0,0.0,0.0,1.0,0.0,0.0,0.0,0.0,0.0,0.0012377600192541108,0.0012944737262310872,0.0005074337006825862,0.0,0.0,0.0,0.006000000000000001,0.005744562646538029,0.0022518685574429076,0.0,0.0,0.0,0.3394023398174771,0.009678572842079361,0.0037940005540951097,,,,,,,,,
adaptive_alpha,byzantine,algorithm1,25,0.8048353150342397,0.006176531635490208,0.002421200401112162,6.302041617620358,0.08439035861691628,0.03308102057783118,5.594927267916305,0.20084249698528878,0.0787302588182332,1.4814888311344676,0.34421217073210675,0.13493117092698584,1.0,0.0,0.0,0.0,0.0,0.0,0.0,0.0,0.0,1.0,0.0,0.0,0.0,0.0,0.0,0.010034441016531413,0.0062594003127727765,0.0024536849226069286,0.0,0.0,0.0,0.049100000000000005,0.026794402400501485,0.01050340574099658,0.0,0.0,0.0,0.2853968672979112,0.0064110137884567315,0.0025131174050750387,,,,,,,,,
adaptive_alpha,byzantine,no_trust,25,0.4002632842927207,0.011656478271618241,0.004569339482474351,3.1344318547317496,0.10564500601906848,0.041412842359474844,2.6593034639082886,0.15655045952996988,0.061367780135748194,1.104239473518905,0.3182493802313507,0.12475375705068947,0.0,0.0,0.0,0.0,0.0,0.0,1.0,0.0,0.0,1.0,0.0,0.0,0.0,0.0,0.0,0.5231203775172353,0.010043606060345898,0.003937093575655592,0.6014985448804384,0.3267035021997955,0.12806777286231982,4.0,0.0,0.0,4.0,0.0,0.0,0.29296709323709097,0.006263473035528605,0.002455281429927213,,,,,,,,,
adaptive_alpha,byzantine,oracle,25,0.8130145748854151,0.004575813613869759,0.0017937189366369454,6.366513445843985,0.10766664686408517,0.04220532557072139,5.649961687951584,0.2064700685113366,0.08093626685644394,1.4953386363905488,0.34536437920201624,0.13538283664719036,1.0,0.0,0.0,0.0,0.0,0.0,0.0,0.0,0.0,1.0,0.0,0.0,0.0,0.0,0.0,0.0,0.0,0.0,0.0,0.0,0.0,0.0,0.0,0.0,0.0,0.0,0.0,0.28532218490658473,0.006444994828183443,0.0025264379726479096,,,,,,,,,
adaptive_alpha,byzantine,sparse_online,25,0.8115378331831837,0.004740097740115508,0.0018581183141252791,6.354903954506679,0.1051722662827913,0.04122752838285419,5.6411535863392945,0.20711826163000052,0.0811903585589602,1.4925960894445702,0.3456833742441053,0.13550788270368927,1.0,0.0,0.0,0.0,0.0,0.0,0.0,0.0,0.0,1.0,0.0,0.0,0.0,0.0,0.0,0.0015546346330106225,0.0013421005858060488,0.0005261034296359711,0.0,0.0,0.0,0.0087,0.00678675180038286,0.0026604067057500813,0.0,0.0,0.0,0.28533046675994583,0.006443245306918362,0.0025257521603119976,,,,,,,,,
adaptive_alpha,compound,algorithm1,25,0.6719241519708973,0.04228086694437081,0.01657409984219336,5.258595907019838,0.2899962888179415,0.11367854521663305,4.624015637162676,0.32516283152294956,0.12746382995699623,1.3257459971149228,0.3391924667173647,0.13296344695320697,0.72,0.1777638883463118,0.06968344423175422,0.0,0.0,0.0,0.28,0.1777638883463118,0.06968344423175422,0.72,0.1777638883463118,0.06968344423175422,0.0,0.0,0.0,0.16408139058286678,0.05262699103298266,0.0206297804849292,0.08572656210235573,0.19061021891663837,0.07471920581532224,1.4734,0.6812656897275835,0.26705615037321273,1.12,0.7110555533852472,0.2787337769270169,0.32809764742035596,0.017258610730336656,0.006765375406291969,,,,,,,,,
adaptive_alpha,compound,no_trust,25,0.4688429415754439,0.039263198619233386,0.015391173858739487,3.673853282752201,0.340576608447776,0.13350603051152818,3.158323225473312,0.2960509098917176,0.1160519566775533,1.1320789187340705,0.3005639160386534,0.11782105508715213,0.0,0.0,0.0,0.0,0.0,0.0,1.0,0.0,0.0,0.72,0.1777638883463118,0.06968344423175422,0.0,0.0,0.0,0.4243450274746462,0.04828930034987125,0.01892940573714953,0.40749383700224295,0.33925294745225715,0.1329871554012848,4.0,0.0,0.0,4.0,0.0,0.0,0.3319026553037159,0.015991773438853996,0.006268775188030766,,,,,,,,,
adaptive_alpha,compound,oracle,25,0.7845433237022622,0.011766425880020083,0.004612438944967873,6.142912383313534,0.1010291789457569,0.039603438146736704,5.474844230404485,0.22327807374899064,0.08752500490960433,1.398124157355913,0.3136712201235021,0.12295911828841284,1.0,0.0,0.0,0.0,0.0,0.0,0.0,0.0,0.0,0.72,0.1777638883463118,0.06968344423175422,0.0,0.0,0.0,0.0,0.0,0.0,0.0,0.0,0.0,0.0,0.0,0.0,0.0,0.0,0.0,0.3271685246771055,0.01713681914221987,0.006717633103750188,,,,,,,,,
adaptive_alpha,compound,sparse_online,25,0.7830154983102874,0.011942972253537102,0.004681645123386544,6.130857900349735,0.09659348209591835,0.03786464498159999,5.461712027943622,0.2209094632676496,0.08659650960091864,1.4018034361015015,0.3175964452183918,0.12449780652560957,1.0,0.0,0.0,0.0,0.0,0.0,0.0,0.0,0.0,0.72,0.1777638883463118,0.06968344423175422,0.0,0.0,0.0,0.0016476238235077312,0.0013237440899846716,0.0005189076832739913,0.0,0.0,0.0,0.010700000000000001,0.00712460525222275,0.002792845258871318,0.0,0.0,0.0,0.3271674566435723,0.0171368254209888,0.00671763556502761,,,,,,,,,
adaptive_alpha,reputation_poison,algorithm1,25,0.6083393732077227,0.007814520194325431,0.003063291916175569,4.763686687119034,0.09385548430968686,0.03679134984939725,4.1322452973135615,0.22311543483374277,0.08746125045482717,1.288471403929534,0.33321516417759584,0.13062034435761755,0.0,0.0,0.0,0.0,0.0,0.0,1.0,0.0,0.0,0.0,0.0,0.0,0.0,0.0,0.0,0.2947547024247431,0.006758226129234495,0.0026492246426599217,0.4005334142048258,0.3326976715012166,0.1304174872284769,3.9929,0.004282522621072791,0.001678748867460534,4.0,0.0,0.0,0.3276622199849328,0.008447946498161822,0.003311595027279434,,,,,,,,,
adaptive_alpha,reputation_poison,no_trust,25,0.6084986703780696,0.00782701773404454,0.00306819095174546,4.76493954110261,0.09421028270022051,0.036930430818486445,4.132053168764656,0.22413619918414793,0.08786139008018598,1.288768717671327,0.33726023022308455,0.13220601024744913,0.0,0.0,0.0,0.0,0.0,0.0,1.0,0.0,0.0,0.0,0.0,0.0,0.0,0.0,0.0,0.29482393731404644,0.0067301070564863424,0.002638201966142646,0.4005313625026385,0.33269791224436984,0.13041758159979297,4.0,0.0,0.0,4.0,0.0,0.0,0.32766626675980043,0.008450476269751914,0.0033125866977427505,,,,,,,,,
adaptive_alpha,reputation_poison,oracle,25,0.7867142936472885,0.005973640248858074,0.0023416669775523646,6.160466362174307,0.1032369524824256,0.04046888537311084,5.471647321288307,0.20454454499330663,0.08018146163737619,1.439070423357529,0.3374527474276759,0.13228147699164894,1.0,0.0,0.0,0.0,0.0,0.0,0.0,0.0,0.0,0.0,0.0,0.0,0.0,0.0,0.0,0.0,0.0,0.0,0.0,0.0,0.0,0.0,0.0,0.0,0.0,0.0,0.0,0.3275537247553272,0.008546592032491503,0.003350264076736669,,,,,,,,,
adaptive_alpha,reputation_poison,sparse_online,25,0.785526476487814,0.00576168414604772,0.0022585801852507063,6.151158670945173,0.10205947720710558,0.040007315065185386,5.462280121622225,0.20450577231486233,0.08016626274742603,1.4416334125330454,0.339449901052708,0.13306436121266155,1.0,0.0,0.0,0.0,0.0,0.0,0.0,0.0,0.0,0.0,0.0,0.0,0.0,0.0,0.0,0.001924289768910429,0.0010964184747054909,0.0004297960420845524,0.0,0.0,0.0,0.023700000000000002,0.004007492981902775,0.0015709372489058876,0.0,0.0,0.0,0.3275444240367075,0.008528885004041045,0.0033433229215840896,,,,,,,,,
adaptive_alpha,trust_mimicry,algorithm1,25,0.6072499454208027,0.007646450757490037,0.0029974086969360944,4.755181745491617,0.09436208646118767,0.03698993789278557,4.136317045758262,0.22997692993873345,0.09015095653598351,1.2765458308229103,0.3377833420447818,0.13241107008155445,0.0,0.0,0.0,0.0,0.0,0.0,1.0,0.0,0.0,0.0,0.0,0.0,0.0,0.0,0.0,0.2933772256130064,0.006437784821612888,0.0025236116500722524,0.40034371870127894,0.33291391534762776,0.1305022548162701,3.9825,0.007615773105863927,0.0029853830574986594,4.0,0.0,0.0,0.33072552290923696,0.008242052528771202,0.003230884591278311,,,,,,,,,
adaptive_alpha,trust_mimicry,no_trust,25,0.6072637661485755,0.007603359347311329,0.002980516864146041,4.755289545069432,0.09413148884007753,0.036899543625310394,4.13494227755806,0.22968113906143123,0.09003500651208104,1.2745797807918193,0.33658558694714,0.13194155008327887,0.0,0.0,0.0,0.0,0.0,0.0,1.0,0.0,0.0,0.0,0.0,0.0,0.0,0.0,0.0,0.2939122348097664,0.006453083734369769,0.0025296088238729495,0.400983435929332,0.3328425693279196,0.13047428717654447,4.0,0.0,0.0,4.0,0.0,0.0,0.33072909739225076,0.00823823725450916,0.0032293890037675905,,,,,,,,,
adaptive_alpha,trust_mimicry,oracle,25,0.7848532987488346,0.005823822698794376,0.002282938497927395,6.145899164862509,0.1028656332318796,0.0403233282268968,5.458719386100694,0.20263134455707602,0.07943148706637379,1.435339980949884,0.33822427909575226,0.13258391740553488,1.0,0.0,0.0,0.0,0.0,0.0,0.0,0.0,0.0,0.0,0.0,0.0,0.0,0.0,0.0,0.0,0.0,0.0,0.0,0.0,0.0,0.0,0.0,0.0,0.0,0.0,0.0,0.3306674985990887,0.008318360127345178,0.0032607971699193097,,,,,,,,,
adaptive_alpha,trust_mimicry,sparse_online,25,0.7839907729590818,0.00568428667661074,0.00222824037723141,6.139150449241055,0.10262123014272305,0.040227522215947435,5.452291388687066,0.20395516552866638,0.07995042488723722,1.4377775497191347,0.3417770881738699,0.13397661856415702,1.0,0.0,0.0,0.0,0.0,0.0,0.0,0.0,0.0,0.0,0.0,0.0,0.0,0.0,0.0,0.0012060025478951612,0.0009510874402315376,0.00037282627657076275,0.0,0.0,0.0,0.0151,0.0055892754449928484,0.0021909959744371966,0.0,0.0,0.0,0.33065924534611063,0.008305521205784965,0.0032557643126677064,,,,,,,,,
baseline_fixed_alpha,burst,algorithm1,25,0.6186489967766127,0.018478394826244214,0.007243530771887732,4.844176196967391,0.15477821713127937,0.060673061115461516,4.255404784955541,0.23778132456062673,0.09321027922776567,1.228002219493265,0.27183353821860634,0.10655874698169368,1.0,0.0,0.0,0.0,0.0,0.0,0.0,0.0,0.0,1.0,0.0,0.0,0.0,0.0,0.0,0.09015790204799437,0.027373128463247794,0.010730266357593134,0.0,0.0,0.0,0.8427,0.28880349720874227,0.11321097090582696,0.0,0.0,0.0,,,,,,,,,,,,
baseline_fixed_alpha,burst,no_trust,25,0.4538041735158075,0.004695773784922425,0.0018407433236895907,3.5534228089174285,0.05599605614841383,0.02195045401017822,3.0780230017639805,0.14145073751166187,0.05544868910457146,1.0153756131446052,0.24129731548678465,0.09458854767081958,0.0,0.0,0.0,0.0,0.0,0.0,1.0,0.0,0.0,1.0,0.0,0.0,0.0,0.0,0.0,0.3487696074760326,0.004290206907856985,0.0016817611078799384,0.28725626548389316,0.22278397694123875,0.08733131896096559,4.0,0.0,0.0,4.0,0.0,0.0,,,,,,,,,,,,
baseline_fixed_alpha,burst,oracle,25,0.6794764943193958,0.0023204068162150458,0.000909599471956298,5.320585522345085,0.07190006744362414,0.028184826437900663,4.705238900846221,0.1773296672929803,0.06951322957884828,1.2938237084094018,0.3036124217193575,0.11901606931398814,1.0,0.0,0.0,0.0,0.0,0.0,0.0,0.0,0.0,1.0,0.0,0.0,0.0,0.0,0.0,0.0,0.0,0.0,0.0,0.0,0.0,0.0,0.0,0.0,0.0,0.0,0.0,,,,,,,,,,,,
baseline_fixed_alpha,burst,sparse_online,25,0.6782221729942844,0.002804796445834351,0.0010994802067670656,5.310712176576498,0.06896974506848808,0.027036140066847326,4.694421764111378,0.17805772815003754,0.06979862943481471,1.2968452442648049,0.30439315467209993,0.11932211663146317,1.0,0.0,0.0,0.0,0.0,0.0,0.0,0.0,0.0,1.0,0.0,0.0,0.0,0.0,0.0,0.0012772688422688422,0.0013444854095506255,0.0005270382805438452,0.0,0.0,0.0,0.006000000000000001,0.005744562646538029,0.0022518685574429076,0.0,0.0,0.0,,,,,,,,,,,,
baseline_fixed_alpha,byzantine,algorithm1,25,0.6715475805540173,0.006652447008913279,0.0026077592274940053,5.258095017620279,0.056710598239437277,0.02223055450985941,4.648504052345299,0.1768671186330609,0.06933191050415986,1.280048516959722,0.30010224679650954,0.11764008074423174,1.0,0.0,0.0,0.0,0.0,0.0,0.0,0.0,0.0,1.0,0.0,0.0,0.0,0.0,0.0,0.009912036581841014,0.006061697521315083,0.0023761854283555124,0.0,0.0,0.0,0.049100000000000005,0.026794402400501485,0.01050340574099658,0.0,0.0,0.0,,,,,,,,,,,,
baseline_fixed_alpha,byzantine,no_trust,25,0.34013614345993837,0.00848851457647743,0.003327497713979153,2.663602595213892,0.08136158048648143,0.03189373955070072,2.2659184538321733,0.13393108861128086,0.052500986735622104,0.9230249156474203,0.2776381136752744,0.10883414056070757,0.0,0.0,0.0,0.0,0.0,0.0,1.0,0.0,0.0,1.0,0.0,0.0,0.0,0.0,0.0,0.4729458541150994,0.007948175029636953,0.0031156846116176854,0.5028571428571429,0.22449944320643647,0.0880037817369231,4.0,0.0,0.0,4.0,0.0,0.0,,,,,,,,,,,,
baseline_fixed_alpha,byzantine,oracle,25,0.6794764943193958,0.0023204068162150458,0.000909599471956298,5.320585522345085,0.07190006744362414,0.028184826437900663,4.705238900846221,0.1773296672929803,0.06951322957884828,1.2938237084094018,0.3036124217193575,0.11901606931398814,1.0,0.0,0.0,0.0,0.0,0.0,0.0,0.0,0.0,1.0,0.0,0.0,0.0,0.0,0.0,0.0,0.0,0.0,0.0,0.0,0.0,0.0,0.0,0.0,0.0,0.0,0.0,,,,,,,,,,,,
baseline_fixed_alpha,byzantine,sparse_online,25,0.6779121952149566,0.003017255985651876,0.0011827643463755355,5.308290021506751,0.06985951636777409,0.027384930416167443,4.694904867212136,0.1788965286736935,0.07012743924008784,1.2929563299301983,0.30433338755757916,0.11929868792257103,1.0,0.0,0.0,0.0,0.0,0.0,0.0,0.0,0.0,1.0,0.0,0.0,0.0,0.0,0.0,0.0016123543994489354,0.0013989896663439765,0.0005484039492068388,0.0,0.0,0.0,0.0087,0.00678675180038286,0.0026604067057500813,0.0,0.0,0.0,,,,,,,,,,,,
baseline_fixed_alpha,compound,algorithm1,25,0.5801742294739356,0.031209983252649353,0.012234313435038547,4.540825832786257,0.20815840701603874,0.08159809555028719,3.982804082585575,0.25972090577095547,0.10181059506221454,1.1900256991882652,0.3124577801173386,0.12248344980599672,0.72,0.1777638883463118,0.06968344423175422,0.0,0.0,0.0,0.28,0.1777638883463118,0.06968344423175422,0.72,0.1777638883463118,0.06968344423175422,0.0,0.0,0.0,0.1557631214534653,0.051536536604825864,0.02020232234909174,0.10343841471050011,0.15529530689614574,0.06087576030328913,1.4734,0.6812656897275835,0.26705615037321273,1.12,0.7110555533852472,0.2787337769270169,,,,,,,,,,,,
baseline_fixed_alpha,compound,no_trust,25,0.4091647392573811,0.035743467394833146,0.014011439218774593,3.206407881562312,0.30995602556469887,0.12150276202136194,2.7334724314911445,0.25073123098841127,0.09828664254745721,0.9977751974560362,0.24580418598966736,0.0963552409079496,0.0,0.0,0.0,0.0,0.0,0.0,1.0,0.0,0.0,0.72,0.1777638883463118,0.06968344423175422,0.0,0.0,0.0,0.39795904794541165,0.03782459374526974,0.014827240748145737,0.4045090739377049,0.24685374628529164,0.09676666854383432,4.0,0.0,0.0,4.0,0.0,0.0,,,,,,,,,,,,
baseline_fixed_alpha,compound,oracle,25,0.6774734293218733,0.002871751488707816,0.001125726583573464,5.304856231650379,0.06962913302479272,0.027294620145718745,4.704968556186884,0.18285760755415587,0.0716801821612291,1.2757739457210375,0.2622629785043606,0.10280708757370935,1.0,0.0,0.0,0.0,0.0,0.0,0.0,0.0,0.0,0.72,0.1777638883463118,0.06968344423175422,0.0,0.0,0.0,0.0,0.0,0.0,0.0,0.0,0.0,0.0,0.0,0.0,0.0,0.0,0.0,,,,,,,,,,,,
baseline_fixed_alpha,compound,sparse_online,25,0.6759407279116185,0.0036000946115632834,0.001411237087732807,5.292769150751911,0.0648782477085968,0.02543227310176995,4.692444339895413,0.1796793450775273,0.07043430327039071,1.2783955342037745,0.2667612339592607,0.10457040371203019,1.0,0.0,0.0,0.0,0.0,0.0,0.0,0.0,0.0,0.72,0.1777638883463118,0.06968344423175422,0.0,0.0,0.0,0.0016766601717810147,0.0013430046081529293,0.0005264578063959483,0.0,0.0,0.0,0.010700000000000001,0.00712460525222275,0.002792845258871318,0.0,0.0,0.0,,,,,,,,,,,,
baseline_fixed_alpha,reputation_poison,algorithm1,25,0.5204724872799783,0.005838682770746218,0.0022887636461325174,4.075656114999137,0.07762470892313003,0.03042888589786697,3.5337172930521374,0.20283683688705323,0.07951204005972487,1.1293151144357534,0.27032665073977163,0.10596804708999048,0.0,0.0,0.0,0.0,0.0,0.0,1.0,0.0,0.0,0.0,0.0,0.0,0.0,0.0,0.0,0.2924256088896049,0.006098870859053797,0.0023907573767490884,0.37189721401272224,0.24409776313496934,0.09568632314890799,3.9929,0.004282522621072791,0.001678748867460534,4.0,0.0,0.0,,,,,,,,,,,,
baseline_fixed_alpha,reputation_poison,no_trust,25,0.520687777726511,0.005788779015130291,0.0022692013739310742,4.0773508344615745,0.07788481688668393,0.030530848219580096,3.534043223079774,0.20491526138235513,0.08032678246188321,1.1290671390443543,0.2730187365750608,0.10702334473742384,0.0,0.0,0.0,0.0,0.0,0.0,1.0,0.0,0.0,0.0,0.0,0.0,0.0,0.0,0.0,0.29247171007630557,0.005963770003625334,0.0023377978414211307,0.37189721401272224,0.24409776313496934,0.09568632314890799,4.0,0.0,0.0,4.0,0.0,0.0,,,,,,,,,,,,
baseline_fixed_alpha,reputation_poison,oracle,25,0.6794764943193958,0.0023204068162150458,0.000909599471956298,5.320585522345085,0.07190006744362414,0.028184826437900663,4.705238900846221,0.1773296672929803,0.06951322957884828,1.2938237084094018,0.3036124217193575,0.11901606931398814,1.0,0.0,0.0,0.0,0.0,0.0,0.0,0.0,0.0,0.0,0.0,0.0,0.0,0.0,0.0,0.0,0.0,0.0,0.0,0.0,0.0,0.0,0.0,0.0,0.0,0.0,0.0,,,,,,,,,,,,
baseline_fixed_alpha,reputation_poison,sparse_online,25,0.678254660234884,0.002443879075855366,0.0009580005977353036,5.311009125350009,0.07141662217057992,0.027995315890867328,4.696631091411935,0.17920383773224222,0.07024790439103895,1.2937851654314505,0.3049131121385687,0.11952593995831892,1.0,0.0,0.0,0.0,0.0,0.0,0.0,0.0,0.0,0.0,0.0,0.0,0.0,0.0,0.0,0.001912402020138595,0.0011647570180671266,0.0004565847510823136,0.0,0.0,0.0,0.023700000000000002,0.004007492981902775,0.0015709372489058876,0.0,0.0,0.0,,,,,,,,,,,,
baseline_fixed_alpha,trust_mimicry,algorithm1,25,0.5205099452454586,0.005561376002366323,0.0021800593929275987,4.075969046214625,0.07749617471964558,0.030378500490101067,3.5361341716259393,0.20790789101648602,0.08149989327846252,1.128136157389334,0.2830952963539169,0.11097335617073542,0.0,0.0,0.0,0.0,0.0,0.0,1.0,0.0,0.0,0.0,0.0,0.0,0.0,0.0,0.0,0.2916891014489954,0.005629526450114682,0.0022067743684449554,0.3729825788255062,0.24414216157621438,0.09570372733787604,3.9825,0.007615773105863927,0.0029853830574986594,4.0,0.0,0.0,,,,,,,,,,,,
baseline_fixed_alpha,trust_mimicry,no_trust,25,0.5205520300305413,0.0054653062865693425,0.002142400064335182,4.076302225363957,0.07729461619972627,0.030299489550292696,3.5347459972867306,0.20967337250506732,0.08219196202198639,1.1296877484750258,0.2851617238823532,0.11178339576188245,0.0,0.0,0.0,0.0,0.0,0.0,1.0,0.0,0.0,0.0,0.0,0.0,0.0,0.0,0.0,0.29219780663939354,0.005586343492103549,0.002189846648904591,0.3735657992731694,0.24421383849123798,0.0957318246885653,4.0,0.0,0.0,4.0,0.0,0.0,,,,,,,,,,,,
baseline_fixed_alpha,trust_mimicry,oracle,25,0.6794764943193958,0.0023204068162150458,0.000909599471956298,5.320585522345085,0.07190006744362414,0.028184826437900663,4.705238900846221,0.1773296672929803,0.06951322957884828,1.2938237084094018,0.3036124217193575,0.11901606931398814,1.0,0.0,0.0,0.0,0.0,0.0,0.0,0.0,0.0,0.0,0.0,0.0,0.0,0.0,0.0,0.0,0.0,0.0,0.0,0.0,0.0,0.0,0.0,0.0,0.0,0.0,0.0,,,,,,,,,,,,
baseline_fixed_alpha,trust_mimicry,sparse_online,25,0.6785799877797173,0.002393743008048087,0.0009383472591548501,5.313572047903333,0.07245356868125483,0.02840179892305189,4.699300026845527,0.17921177015712442,0.07025101390159277,1.2946651012060015,0.3049601648320235,0.1195443846141532,1.0,0.0,0.0,0.0,0.0,0.0,0.0,0.0,0.0,0.0,0.0,0.0,0.0,0.0,0.0,0.0012050652043536219,0.0009971333416111954,0.00039087626991158854,0.0,0.0,0.0,0.0151,0.0055892754449928484,0.0021909959744371966,0.0,0.0,0.0,,,,,,,,,,,,
expert_advice,burst,algorithm1,25,0.7585159573139668,0.02285871980410915,0.008960618163210787,5.939524879292102,0.1960329652515029,0.07684492237858914,5.243846348915736,0.23233787779146975,0.09107644809425613,1.4392555008825747,0.3166165998762842,0.12411370715150341,1.0,0.0,0.0,0.0,0.0,0.0,0.0,0.0,0.0,1.0,0.0,0.0,0.0,0.0,0.0,0.10161941619965673,0.02911731262821526,0.011413986550260382,0.0,0.0,0.0,0.8427,0.28880349720874227,0.11321097090582696,0.0,0.0,0.0,,,,0.04591287660168977,0.00044900426058508956,0.0001760096701493551,0.9064181864261731,0.0008590172746282849,0.00033673477165428766,0.047668936972136935,0.0010370314547241113,0.00040651633025185163
expert_advice,burst,no_trust,25,0.5556590997375284,0.006787049809563671,0.0026605235253489594,4.3509207782499395,0.07072473587715264,0.027724096463843835,3.749297405427932,0.17556903626679207,0.06882306221658249,1.2663975721307736,0.2711559720687072,0.10629314105093321,0.0,0.0,0.0,0.0,0.0,0.0,1.0,0.0,0.0,1.0,0.0,0.0,0.0,0.0,0.0,0.3730918678377398,0.004366054990561221,0.0017114935562999984,0.28782582116816136,0.33348229905987636,0.13072506123147154,4.0,0.0,0.0,4.0,0.0,0.0,,,,0.04541177306242056,0.00024996997420520685,9.798822988844107e-05,0.9073383542101151,0.0008350242937960242,0.00032732952316804145,0.04724987272746423,0.0009850283847422211,0.0003861311268189507
expert_advice,burst,oracle,25,0.8361305255675973,0.0019244348884702154,0.0007543784762803244,6.547480588409179,0.10264604266376706,0.04023724872419669,5.81528819673306,0.2033898799676836,0.07972883294733198,1.5319317598834519,0.34993473020784993,0.13717441424147717,1.0,0.0,0.0,0.0,0.0,0.0,0.0,0.0,0.0,1.0,0.0,0.0,0.0,0.0,0.0,0.0,0.0,0.0,0.0,0.0,0.0,0.0,0.0,0.0,0.0,0.0,0.0,,,,0.045432324061208645,0.00029048894093834887,0.00011387166484783276,0.9071000363321012,0.000567021102221052,0.00022227227207065233,0.047467639606689795,0.0006307498753815634,0.00024725395114957285
expert_advice,burst,sparse_online,25,0.8346033634422366,0.0021283289691822883,0.0008343049559194571,6.535472765317129,0.09955238464109462,0.03902453477930909,5.803543896997052,0.2033754360900076,0.07972317094728298,1.5305862540376856,0.35010413103444843,0.13724081936550378,1.0,0.0,0.0,0.0,0.0,0.0,0.0,0.0,0.0,1.0,0.0,0.0,0.0,0.0,0.0,0.001533894517697523,0.0014406290890314965,0.0005647266029003466,0.0,0.0,0.0,0.006000000000000001,0.005744562646538029,0.0022518685574429076,0.0,0.0,0.0,,,,0.04556470822847478,0.0003893014272053612,0.0001526061594645016,0.9064378473582743,0.0008531049526064813,0.00033441714142174063,0.04799744441325089,0.0010588761350119819,0.00041507944492469686
expert_advice,byzantine,algorithm1,25,0.8269199027984315,0.006017954800697464,0.002359038281873406,6.4749305777260675,0.08264989740911126,0.03239875978437161,5.748999642284715,0.19544558740378384,0.07661467026228327,1.517585303158082,0.34704630404428716,0.13604215118536056,1.0,0.0,0.0,0.0,0.0,0.0,0.0,0.0,0.0,1.0,0.0,0.0,0.0,0.0,0.0,0.01142712058830831,0.006277763598759899,0.0024608833307138804,0.0,0.0,0.0,0.049100000000000005,0.026794402400501485,0.01050340574099658,0.0,0.0,0.0,,,,0.04562490265679704,0.0003256569215136777,0.00012765751323336167,0.906368763706811,0.0008001703311187655,0.0003136667697985561,0.04800633363639193,0.0009500530691743251,0.0003724208031163354
expert_advice,byzantine,no_trust,25,0.4072430014543799,0.011787543653127338,0.004620717112025916,3.189124112019142,0.10823026282028758,0.04242626302555273,2.6993384611485594,0.14523820971090032,0.05693337820667292,1.1579300160424935,0.3055545969690865,0.11977740201188189,0.0,0.0,0.0,0.0,0.0,0.0,1.0,0.0,0.0,1.0,0.0,0.0,0.0,0.0,0.0,0.5389496724582667,0.010283990214687204,0.004031324164157383,0.6112688044020502,0.338117929134175,0.1325422282205966,4.0,0.0,0.0,4.0,0.0,0.0,,,,0.04566018518162985,0.00024003443751744155,9.409349950683708e-05,0.9075284999441173,0.0005199655434227497,0.00020382649302171785,0.0468113148742527,0.0006005515512659772,0.00023541620809626302
expert_advice,byzantine,oracle,25,0.8361305255675973,0.0019244348884702154,0.0007543784762803244,6.547480588409179,0.10264604266376706,0.04023724872419669,5.81528819673306,0.2033898799676836,0.07972883294733198,1.5319317598834519,0.34993473020784993,0.13717441424147717,1.0,0.0,0.0,0.0,0.0,0.0,0.0,0.0,0.0,1.0,0.0,0.0,0.0,0.0,0.0,0.0,0.0,0.0,0.0,0.0,0.0,0.0,0.0,0.0,0.0,0.0,0.0,,,,0.045432324061208645,0.00029048894093834887,0.00011387166484783276,0.9071000363321012,0.000567021102221052,0.00022227227207065233,0.047467639606689795,0.0006307498753815634,0.00024725395114957285
expert_advice,byzantine,sparse_online,25,0.8342890534717203,0.002567844625822723,0.0010065950933225074,6.533015039332799,0.1003554387902304,0.03933933200577032,5.801230026278151,0.20301128078239677,0.07958042206669953,1.5298618783507003,0.35037326671010505,0.13734632055036117,1.0,0.0,0.0,0.0,0.0,0.0,0.0,0.0,0.0,1.0,0.0,0.0,0.0,0.0,0.0,0.0019535749245090535,0.0014308141288015806,0.0005608791384902196,0.0,0.0,0.0,0.0087,0.00678675180038286,0.0026604067057500813,0.0,0.0,0.0,,,,0.04543574897037768,0.0003284008169817355,0.0001287331202568403,0.9064141795261819,0.0009111524444297031,0.0003571717582164436,0.048150071503440334,0.0011202479350657438,0.0004391371905457716
expert_advice,compound,algorithm1,25,0.7116837567965316,0.03776283357116497,0.014803030759896668,5.570245132830973,0.25344722086986526,0.09935131058098719,4.897200215434691,0.2950047657589316,0.11564186817750118,1.415292843906293,0.36593462336766897,0.14344637236012622,0.72,0.1777638883463118,0.06968344423175422,0.0,0.0,0.0,0.28,0.1777638883463118,0.06968344423175422,0.72,0.1777638883463118,0.06968344423175422,0.0,0.0,0.0,0.17017406165844354,0.05370819199016629,0.021053611260145186,0.09282021159847523,0.20457986524828087,0.0801953071773261,1.4734,0.6812656897275835,0.26705615037321273,1.12,0.7110555533852472,0.2787337769270169,,,,0.04565370558190335,0.00036562866771978507,0.00014332643774615575,0.9065192805670774,0.0008142877942472941,0.0003192008153449393,0.04782701385101904,0.0009529329345808066,0.0003735497103556762
expert_advice,compound,no_trust,25,0.4957679836005007,0.04883166820717339,0.019142013937211967,3.8853227265004637,0.4171595025684614,0.16352652500683687,3.327264485717349,0.3660592226643238,0.14349521528441492,1.2256775886050815,0.314597185407781,0.12332209667985014,0.0,0.0,0.0,0.0,0.0,0.0,1.0,0.0,0.0,0.72,0.1777638883463118,0.06968344423175422,0.0,0.0,0.0,0.4398119642031585,0.051411184060105516,0.020153184151561362,0.48668130007145116,0.34823522624643327,0.13650820868860186,4.0,0.0,0.0,4.0,0.0,0.0,,,,0.04551649574118787,0.00023538224315382554,9.226983931629961e-05,0.9074103231985411,0.00044979098614651264,0.00017631806656943295,0.047073181060270815,0.0005472321010985149,0.00021451498363061783
expert_advice,compound,oracle,25,0.8332133135231929,0.0029259462571393983,0.001146970932798644,6.524568343966886,0.09938845410694147,0.03896027400992105,5.783655256776841,0.2088914379236483,0.08188544366607013,1.5137405927869296,0.3435175000574062,0.13465886002250324,1.0,0.0,0.0,0.0,0.0,0.0,0.0,0.0,0.0,0.72,0.1777638883463118,0.06968344423175422,0.0,0.0,0.0,0.0,0.0,0.0,0.0,0.0,0.0,0.0,0.0,0.0,0.0,0.0,0.0,,,,0.0454025443841519,0.00029083310526260137,0.00011400657726293973,0.9069545709310411,0.0006115276307046535,0.00023971883123622418,0.047642884684806715,0.0006667386721968251,0.0002613615595011554
expert_advice,compound,sparse_online,25,0.8311119294149553,0.003566476760640569,0.001398058890171103,6.508010667615443,0.09351230298476253,0.03665682277002691,5.767648511172142,0.2045223234957538,0.0801727508103355,1.5118302077158676,0.34604748344513325,0.13565061351049224,1.0,0.0,0.0,0.0,0.0,0.0,0.0,0.0,0.0,0.72,0.1777638883463118,0.06968344423175422,0.0,0.0,0.0,0.0024219188161765685,0.0015980287069899987,0.0006264272531400795,0.0,0.0,0.0,0.010700000000000001,0.00712460525222275,0.002792845258871318,0.0,0.0,0.0,,,,0.04548767325716486,0.00032710640692466743,0.00012822571151446962,0.9064879706696458,0.0009735163747287371,0.0003816184188936649,0.048024356073189264,0.001078492093583627,0.0004227689006847818
expert_advice,reputation_poison,algorithm1,25,0.6477564845261411,0.007877435917941227,0.003087954879832961,5.072352910542767,0.09809982298995945,0.038455130612064105,4.3832485500589335,0.21836146950106775,0.08559769604441855,1.3885532177146962,0.35148526206635783,0.13778222273001225,0.0,0.0,0.0,0.0,0.0,0.0,1.0,0.0,0.0,0.0,0.0,0.0,0.0,0.0,0.0,0.29620899031594017,0.007866291539492686,0.003083586283481133,0.41145302745078316,0.3668719040221008,0.1438137863766635,3.9929,0.004282522621072791,0.001678748867460534,4.0,0.0,0.0,,,,0.04548371691004293,0.0003285751782290666,0.00012880146986579412,0.907181465345539,0.0007651133316672968,0.00029992442601358034,0.047334817744417945,0.0009708468855007084,0.00038057197911627765
expert_advice,reputation_poison,no_trust,25,0.6480163494808323,0.007865130220920995,0.00308313104660103,5.074390143876215,0.09817716375336173,0.0384854481913178,4.385407587200829,0.2185098754934429,0.08565587119342961,1.3876944915143943,0.3527884519677382,0.13829307317135336,0.0,0.0,0.0,0.0,0.0,0.0,1.0,0.0,0.0,0.0,0.0,0.0,0.0,0.0,0.0,0.2961850103589956,0.00785019425929819,0.0030772761496448905,0.4114378332854269,0.3668772335435971,0.14381587554909006,4.0,0.0,0.0,4.0,0.0,0.0,,,,0.04540125684465055,0.00026561866216506883,0.00010412251556870698,0.9074322551791001,0.0005759285511220835,0.00022576399203985673,0.047166487976249206,0.0007249375002208242,0.0002841755000865631
expert_advice,reputation_poison,oracle,25,0.8361305255675973,0.0019244348884702154,0.0007543784762803244,6.547480588409179,0.10264604266376706,0.04023724872419669,5.81528819673306,0.2033898799676836,0.07972883294733198,1.5319317598834519,0.34993473020784993,0.13717441424147717,1.0,0.0,0.0,0.0,0.0,0.0,0.0,0.0,0.0,0.0,0.0,0.0,0.0,0.0,0.0,0.0,0.0,0.0,0.0,0.0,0.0,0.0,0.0,0.0,0.0,0.0,0.0,,,,0.045432324061208645,0.00029048894093834887,0.00011387166484783276,0.9071000363321012,0.000567021102221052,0.00022227227207065233,0.047467639606689795,0.0006307498753815634,0.00024725395114957285
expert_advice,reputation_poison,sparse_online,25,0.8347377478592333,0.0017144793992785459,0.00067207592451719,6.536570676999463,0.10206437783329646,0.04000923611065221,5.805302282528799,0.20267904150837848,0.07945018427128436,1.5301388037736883,0.3505269346589298,0.1374065583863005,1.0,0.0,0.0,0.0,0.0,0.0,0.0,0.0,0.0,0.0,0.0,0.0,0.0,0.0,0.0,0.0020843353477701197,0.0009323891718696906,0.0003654965553729187,0.0,0.0,0.0,0.023700000000000002,0.004007492981902775,0.0015709372489058876,0.0,0.0,0.0,,,,0.0455013625815704,0.000368203106561182,0.00014433561777198336,0.9068979363420105,0.0007267913121920247,0.0002849021943792737,0.047600701076419075,0.0009687840439792716,0.0003797633452398745
expert_advice,trust_mimicry,algorithm1,25,0.647879623402976,0.007602103761327041,0.0029800246744402003,5.073330529345227,0.09763727706819389,0.038273812610732004,4.39269648319779,0.23115327996745189,0.09061208574724114,1.378686817553796,0.3601658490422434,0.14118501282455942,0.0,0.0,0.0,0.0,0.0,0.0,1.0,0.0,0.0,0.0,0.0,0.0,0.0,0.0,0.0,0.2954263071424769,0.007341596016616514,0.0028779056385136734,0.4141523819439115,0.3665082833222087,0.1436712470623058,3.9825,0.007615773105863927,0.0029853830574986594,4.0,0.0,0.0,,,,0.045524451624086144,0.00032709014636351553,0.00012821933737449808,0.9069884912201335,0.000907784601489756,0.00035585156378398436,0.04748705715578027,0.0010821601393561963,0.00042420677462762897
expert_advice,trust_mimicry,no_trust,25,0.6482927164122269,0.007611253946991842,0.002983611547220802,5.076564973952495,0.0976860737301926,0.0382929409022355,4.395770641734295,0.23123704871982564,0.09064492309817165,1.3784802474132738,0.36256393389981445,0.14212506208872727,0.0,0.0,0.0,0.0,0.0,0.0,1.0,0.0,0.0,0.0,0.0,0.0,0.0,0.0,0.0,0.29530998342768844,0.007391328804479147,0.0028974008913558256,0.4142544741725695,0.3665028485347707,0.14366911662563012,4.0,0.0,0.0,4.0,0.0,0.0,,,,0.04536929434647327,0.00026064945526137087,0.00010217458646245739,0.9073590629575184,0.000701265804919096,0.0002748961955282856,0.047271642696008004,0.0008518308527893209,0.00033391769429341376
expert_advice,trust_mimicry,oracle,25,0.8361305255675973,0.0019244348884702154,0.0007543784762803244,6.547480588409179,0.10264604266376706,0.04023724872419669,5.81528819673306,0.2033898799676836,0.07972883294733198,1.5319317598834519,0.34993473020784993,0.13717441424147717,1.0,0.0,0.0,0.0,0.0,0.0,0.0,0.0,0.0,0.0,0.0,0.0,0.0,0.0,0.0,0.0,0.0,0.0,0.0,0.0,0.0,0.0,0.0,0.0,0.0,0.0,0.0,,,,0.045432324061208645,0.00029048894093834887,0.00011387166484783276,0.9071000363321012,0.000567021102221052,0.00022227227207065233,0.047467639606689795,0.0006307498753815634,0.00024725395114957285
expert_advice,trust_mimicry,sparse_online,25,0.834866783201913,0.0019838469770714446,0.0007776680150120062,6.537582696778341,0.10244648700244138,0.04015902290495702,5.8058550907399145,0.20304619806936264,0.07959410964319015,1.530677153091024,0.35015746662653247,0.13726172691760072,1.0,0.0,0.0,0.0,0.0,0.0,0.0,0.0,0.0,0.0,0.0,0.0,0.0,0.0,0.0,0.0017299890687966213,0.0009158886297986728,0.0003590283428810797,0.0,0.0,0.0,0.0151,0.0055892754449928484,0.0021909959744371966,0.0,0.0,0.0,,,,0.045502390117670835,0.0003464689551732551,0.000135815830427916,0.9068496366940859,0.0007215716281242566,0.00028285607822470856,0.04764797318824303,0.0009000911617166548,0.00035283573539292865
generalized_mean_greedy,burst,algorithm1,25,0.5967461061678769,0.016552975097846,0.006488766238355632,4.672878000157135,0.14667844415778777,0.0574979501098528,4.299272689205541,0.17559760922642006,0.06883426281675667,0.8254992464245402,0.14042547321850687,0.05504678550165469,1.0,0.0,0.0,0.0,0.0,0.0,0.0,0.0,0.0,1.0,0.0,0.0,0.0,0.0,0.0,0.09255426719755593,0.025902034148238794,0.010153597386109606,0.0,0.0,0.0,0.8427,0.28880349720874227,0.11321097090582696,0.0,0.0,0.0,,,,,,,,,,,,
generalized_mean_greedy,burst,no_trust,25,0.4463908641497447,0.006161993055437378,0.002415501277731452,3.4953156132064502,0.060176629897737824,0.023589238919913227,3.201293920949096,0.11087522361495719,0.04346308765706322,0.6478543069353313,0.12606369534564654,0.04941696857549344,0.0,0.0,0.0,0.0,0.0,0.0,1.0,0.0,0.0,1.0,0.0,0.0,0.0,0.0,0.0,0.3431629200764224,0.005610237469976827,0.0021992130882309163,0.2598096904517057,0.13317992247698437,0.05220652961097787,4.0,0.0,0.0,4.0,0.0,0.0,,,,,,,,,,,,
generalized_mean_greedy,burst,oracle,25,0.652788516337762,0.003224895195256522,0.0012641589165405566,5.1119175466769855,0.09092092592006791,0.03564100296066662,4.718552174997239,0.1438339721519546,0.0563829170835662,0.8619888490495698,0.14632318023371346,0.05735868665161568,1.0,0.0,0.0,0.0,0.0,0.0,0.0,0.0,0.0,1.0,0.0,0.0,0.0,0.0,0.0,0.0,0.0,0.0,0.0,0.0,0.0,0.0,0.0,0.0,0.0,0.0,0.0,,,,,,,,,,,,
generalized_mean_greedy,burst,sparse_online,25,0.6518233502828993,0.0031695804748730753,0.0012424755461502455,5.10433953033625,0.08957296937521095,0.03511260399508269,4.711277022803297,0.14327996186496486,0.05616574505106623,0.8613631334987437,0.1460407437936269,0.05724797156710174,1.0,0.0,0.0,0.0,0.0,0.0,0.0,0.0,0.0,1.0,0.0,0.0,0.0,0.0,0.0,0.0014009921093812883,0.0012521593969349364,0.0004908464835984951,0.0,0.0,0.0,0.006000000000000001,0.005744562646538029,0.0022518685574429076,0.0,0.0,0.0,,,,,,,,,,,,
generalized_mean_greedy,byzantine,algorithm1,25,0.6472393562452949,0.0036897836505285957,0.0014463951910072095,5.068319234091353,0.08296326070657496,0.032521598196977385,4.676868230123628,0.13829197379666452,0.054210453728292494,0.858223957643489,0.14497572212032395,0.05683048307116698,1.0,0.0,0.0,0.0,0.0,0.0,0.0,0.0,0.0,1.0,0.0,0.0,0.0,0.0,0.0,0.009409384730975792,0.0037780957638262327,0.001481013539419883,0.0,0.0,0.0,0.049100000000000005,0.026794402400501485,0.01050340574099658,0.0,0.0,0.0,,,,,,,,,,,,
generalized_mean_greedy,byzantine,no_trust,25,0.3969154255210315,0.0075800310457925036,0.0029713721699506615,3.1079052120655826,0.06663793133083039,0.02612206908168551,2.8435850041577346,0.10482001589583607,0.04108944623116774,0.5859223442360021,0.11403290205810032,0.04470089760677533,0.0,0.0,0.0,0.0,0.0,0.0,1.0,0.0,0.0,1.0,0.0,0.0,0.0,0.0,0.0,0.4242839863819524,0.008450253451887949,0.0033124993531400753,0.506908276991388,0.21592009944095017,0.08464067898085247,4.0,0.0,0.0,4.0,0.0,0.0,,,,,,,,,,,,
generalized_mean_greedy,byzantine,oracle,25,0.652788516337762,0.003224895195256522,0.0012641589165405566,5.1119175466769855,0.09092092592006791,0.03564100296066662,4.718552174997239,0.1438339721519546,0.0563829170835662,0.8619888490495698,0.14632318023371346,0.05735868665161568,1.0,0.0,0.0,0.0,0.0,0.0,0.0,0.0,0.0,1.0,0.0,0.0,0.0,0.0,0.0,0.0,0.0,0.0,0.0,0.0,0.0,0.0,0.0,0.0,0.0,0.0,0.0,,,,,,,,,,,,
generalized_mean_greedy,byzantine,sparse_online,25,0.651683018570918,0.003177866787879194,0.001245723780848644,5.103223677211631,0.08858960654962343,0.034727125767452384,4.710171931452222,0.14179594687550676,0.05558401117519864,0.8612933718747167,0.14610022560345348,0.05727128843655377,1.0,0.0,0.0,0.0,0.0,0.0,0.0,0.0,0.0,1.0,0.0,0.0,0.0,0.0,0.0,0.001718521645424137,0.0013673302973788012,0.00053599347657249,0.0,0.0,0.0,0.0087,0.00678675180038286,0.0026604067057500813,0.0,0.0,0.0,,,,,,,,,,,,
generalized_mean_greedy,compound,algorithm1,25,0.5602243290898652,0.03285406575138356,0.012878793774542355,4.384559279621185,0.22408925169646482,0.08784298666501421,4.032350525767851,0.20759381581826017,0.08137677580075799,0.768975747196257,0.1349219869659807,0.05288941889066443,0.72,0.1777638883463118,0.06968344423175422,0.0,0.0,0.0,0.28,0.1777638883463118,0.06968344423175422,0.72,0.1777638883463118,0.06968344423175422,0.0,0.0,0.0,0.15571173992735293,0.05434657497789893,0.021303857391336382,0.08799916748268866,0.09486746274041737,0.037188045394243606,1.4734,0.6812656897275835,0.26705615037321273,1.12,0.7110555533852472,0.2787337769270169,,,,,,,,,,,,
generalized_mean_greedy,compound,no_trust,25,0.4278388503449768,0.015203031975244979,0.005959588534296031,3.3509666327372907,0.14622318202412657,0.05731948735345761,3.0676188855053175,0.16841819190913487,0.06601993122838087,0.6263972593237466,0.10564585387368783,0.04141317471848563,0.0,0.0,0.0,0.0,0.0,0.0,1.0,0.0,0.0,0.72,0.1777638883463118,0.06968344423175422,0.0,0.0,0.0,0.37332789909975483,0.023382595104577582,0.00916597728099441,0.39866790137088765,0.21048403086582215,0.08250974009940229,4.0,0.0,0.0,4.0,0.0,0.0,,,,,,,,,,,,
generalized_mean_greedy,compound,oracle,25,0.6518498174513379,0.003461339958684999,0.0013568452638045194,5.104498114754146,0.0874398111922395,0.034276405987357886,4.711966063820294,0.13986449388200065,0.054826881601744246,0.8527227471742047,0.13424094897985236,0.05262245200010213,1.0,0.0,0.0,0.0,0.0,0.0,0.0,0.0,0.0,0.72,0.1777638883463118,0.06968344423175422,0.0,0.0,0.0,0.0,0.0,0.0,0.0,0.0,0.0,0.0,0.0,0.0,0.0,0.0,0.0,,,,,,,,,,,,
generalized_mean_greedy,compound,sparse_online,25,0.6503573855311547,0.0034034123839452876,0.0013341376545065527,5.092750986772953,0.08351587110893705,0.03273822147470332,4.700696868423787,0.1361381398004077,0.05336615080175981,0.851703160213001,0.13400301323049718,0.05252918118635489,1.0,0.0,0.0,0.0,0.0,0.0,0.0,0.0,0.0,0.72,0.1777638883463118,0.06968344423175422,0.0,0.0,0.0,0.00215150772247709,0.001504885613160581,0.0005899151603589477,0.0,0.0,0.0,0.010700000000000001,0.00712460525222275,0.002792845258871318,0.0,0.0,0.0,,,,,,,,,,,,
generalized_mean_greedy,reputation_poison,algorithm1,25,0.48049517719543927,0.0061557408086155615,0.0024130503969773,3.762379276842177,0.0630121198367168,0.024700750975992985,3.4578677619686884,0.10811966546310343,0.04238290886153655,0.6718191981733429,0.12601976838231416,0.04939974920586715,0.0,0.0,0.0,0.0,0.0,0.0,1.0,0.0,0.0,0.0,0.0,0.0,0.0,0.0,0.0,0.2932338444623722,0.007066696091012978,0.0027701448676770877,0.33337668604212334,0.16716229273601338,0.06552761875251725,3.9929,0.004282522621072791,0.001678748867460534,4.0,0.0,0.0,,,,,,,,,,,,
generalized_mean_greedy,reputation_poison,no_trust,25,0.48051757888513186,0.006098027661555381,0.002390426843329709,3.762562630251425,0.06313072191862872,0.024747242992102455,3.4580518882650506,0.10772985611823999,0.04223010359835007,0.6718258789098697,0.12612355327144348,0.04944043288240584,0.0,0.0,0.0,0.0,0.0,0.0,1.0,0.0,0.0,0.0,0.0,0.0,0.0,0.0,0.0,0.2932110487865912,0.007061006736886674,0.002767914640859576,0.33337525802222273,0.16716425544700428,0.06552838813522568,4.0,0.0,0.0,4.0,0.0,0.0,,,,,,,,,,,,
generalized_mean_greedy,reputation_poison,oracle,25,0.652788516337762,0.003224895195256522,0.0012641589165405566,5.1119175466769855,0.09092092592006791,0.03564100296066662,4.718552174997239,0.1438339721519546,0.0563829170835662,0.8619888490495698,0.14632318023371346,0.05735868665161568,1.0,0.0,0.0,0.0,0.0,0.0,0.0,0.0,0.0,0.0,0.0,0.0,0.0,0.0,0.0,0.0,0.0,0.0,0.0,0.0,0.0,0.0,0.0,0.0,0.0,0.0,0.0,,,,,,,,,,,,
generalized_mean_greedy,reputation_poison,sparse_online,25,0.6516093366959842,0.003281507157760595,0.0012863508058421533,5.102675668562653,0.09047013553298815,0.03546429312893135,4.709725200373857,0.1438968246184878,0.05640755525044722,0.8612269240966651,0.14609106998682198,0.057267699434834216,1.0,0.0,0.0,0.0,0.0,0.0,0.0,0.0,0.0,0.0,0.0,0.0,0.0,0.0,0.0,0.0020130698299524142,0.0006036694021158942,0.00023663840562943052,0.0,0.0,0.0,0.023700000000000002,0.004007492981902775,0.0015709372489058876,0.0,0.0,0.0,,,,,,,,,,,,
generalized_mean_greedy,trust_mimicry,algorithm1,25,0.48047244127276684,0.0061473095884912845,0.002409745358688583,3.762213170128896,0.06369141686147171,0.02496703540969691,3.45703897855375,0.10897132459131609,0.042716759239795905,0.6727509505380884,0.12665020114040287,0.049646878847037924,0.0,0.0,0.0,0.0,0.0,0.0,1.0,0.0,0.0,0.0,0.0,0.0,0.0,0.0,0.0,0.2929871227852865,0.007007179298123739,0.0027468142848645054,0.3329701224224512,0.16706783083731272,0.06549058968822659,3.9825,0.007615773105863927,0.0029853830574986594,4.0,0.0,0.0,,,,,,,,,,,,
generalized_mean_greedy,trust_mimicry,no_trust,25,0.4805711665939064,0.006094108204070475,0.0023888904159956263,3.7629909454653365,0.06365070981083742,0.02495107824584827,3.4577735092648214,0.10835234972764311,0.0424741210932361,0.6728403306034784,0.1267237747835127,0.04967571971513698,0.0,0.0,0.0,0.0,0.0,0.0,1.0,0.0,0.0,0.0,0.0,0.0,0.0,0.0,0.0,0.29301403713914753,0.0070235569214909515,0.0027532343132244527,0.33296644928337293,0.16707064649646702,0.06549169342661507,4.0,0.0,0.0,4.0,0.0,0.0,,,,,,,,,,,,
generalized_mean_greedy,trust_mimicry,oracle,25,0.652788516337762,0.003224895195256522,0.0012641589165405566,5.1119175466769855,0.09092092592006791,0.03564100296066662,4.718552174997239,0.1438339721519546,0.0563829170835662,0.8619888490495698,0.14632318023371346,0.05735868665161568,1.0,0.0,0.0,0.0,0.0,0.0,0.0,0.0,0.0,0.0,0.0,0.0,0.0,0.0,0.0,0.0,0.0,0.0,0.0,0.0,0.0,0.0,0.0,0.0,0.0,0.0,0.0,,,,,,,,,,,,
generalized_mean_greedy,trust_mimicry,sparse_online,25,0.6518490489960456,0.003264272720821634,0.0012795949065620804,5.104550051339084,0.09029350351329302,0.03539505337721086,4.711478479017991,0.14325578494094462,0.056156267696850296,0.8614332723766859,0.1461625575031851,0.05729572254124856,1.0,0.0,0.0,0.0,0.0,0.0,0.0,0.0,0.0,0.0,0.0,0.0,0.0,0.0,0.0,0.0015297667137190848,0.0007957181385914592,0.000311921510327852,0.0,0.0,0.0,0.0151,0.0055892754449928484,0.0021909959744371966,0.0,0.0,0.0,,,,,,,,,,,,
pace_trusted,burst,algorithm1,25,0.6143190051505542,0.020464240951126533,0.008021982452841601,4.810519513865907,0.17567286170604082,0.06886376178876799,3.981583822211161,0.30844771690902534,0.12091150502833795,1.8369737181580996,0.4331422394529188,0.16979175786554418,1.0,0.0,0.0,0.0,0.0,0.0,0.0,0.0,0.0,1.0,0.0,0.0,0.0,0.0,0.0,0.08181601708056993,0.025781757919143312,0.010106449104304178,0.0,0.0,0.0,0.8427,0.28880349720874227,0.11321097090582696,0.0,0.0,0.0,,,,,,,,,,,,
pace_trusted,burst,no_trust,25,0.4852479771240579,0.015942174109562144,0.006249332250948361,3.7988313327212815,0.10659311102966859,0.041784499523630086,3.036923188546648,0.24368358690232245,0.0955239660657104,1.5380518474473162,0.2661038753929617,0.10431271915404099,0.0,0.0,0.0,0.0,0.0,0.0,1.0,0.0,0.0,1.0,0.0,0.0,0.0,0.0,0.0,0.30261180261321996,0.0214583126128791,0.008411658544248607,0.19709666157998243,0.1800807663692014,0.07059166041672695,4.0,0.0,0.0,4.0,0.0,0.0,,,,,,,,,,,,
pace_trusted,burst,oracle,25,0.6664596674909238,0.012863314670093778,0.0050424193506767604,5.219016835423173,0.1363616190659619,0.05345375467385706,4.400671869715067,0.3135396837243448,0.12290755601994316,1.8366709956277218,0.4472511298380459,0.17532244289651397,1.0,0.0,0.0,0.0,0.0,0.0,0.0,0.0,0.0,1.0,0.0,0.0,0.0,0.0,0.0,0.0,0.0,0.0,0.0,0.0,0.0,0.0,0.0,0.0,0.0,0.0,0.0,,,,,,,,,,,,
pace_trusted,burst,sparse_online,25,0.6651681168542184,0.01233959423504568,0.004837120940137906,5.208940647221026,0.13473795370028038,0.052817277850509915,4.3706855710692425,0.324930616429949,0.12737280164054002,1.8503424229570873,0.46089077300494946,0.1806691830179402,1.0,0.0,0.0,0.0,0.0,0.0,0.0,0.0,0.0,1.0,0.0,0.0,0.0,0.0,0.0,0.0013872787152422324,0.0013521130644832129,0.0005300283212774195,0.0,0.0,0.0,0.006000000000000001,0.005744562646538029,0.0022518685574429076,0.0,0.0,0.0,,,,,,,,,,,,
pace_trusted,byzantine,algorithm1,25,0.659252853294813,0.013600423380702274,0.005331365965235291,5.162404443320741,0.13337322484496103,0.052282304139224724,4.327970454664594,0.3167863636321073,0.12418025454378608,1.859506451149601,0.431229057857496,0.16904179068013842,1.0,0.0,0.0,0.0,0.0,0.0,0.0,0.0,0.0,1.0,0.0,0.0,0.0,0.0,0.0,0.00981484143268782,0.004886587541127523,0.0019155423161219894,0.0,0.0,0.0,0.049100000000000005,0.026794402400501485,0.01050340574099658,0.0,0.0,0.0,,,,,,,,,,,,
pace_trusted,byzantine,no_trust,25,0.48936238587478437,0.014367961974684434,0.005632241094076298,3.831555524337968,0.11062071497722824,0.043363320271073466,3.151267486402815,0.24051718867828858,0.09428273796188912,1.3961661811394979,0.2983982135139083,0.11697209969745204,0.0,0.0,0.0,0.0,0.0,0.0,1.0,0.0,0.0,1.0,0.0,0.0,0.0,0.0,0.0,0.3044791626858674,0.018566721214516323,0.007278154716090399,0.2814006437215654,0.22965635944130705,0.09002529290099236,4.0,0.0,0.0,4.0,0.0,0.0,,,,,,,,,,,,
pace_trusted,byzantine,oracle,25,0.6664596674909238,0.012863314670093778,0.0050424193506767604,5.219016835423173,0.1363616190659619,0.05345375467385706,4.400671869715067,0.3135396837243448,0.12290755601994316,1.8366709956277218,0.4472511298380459,0.17532244289651397,1.0,0.0,0.0,0.0,0.0,0.0,0.0,0.0,0.0,1.0,0.0,0.0,0.0,0.0,0.0,0.0,0.0,0.0,0.0,0.0,0.0,0.0,0.0,0.0,0.0,0.0,0.0,,,,,,,,,,,,
pace_trusted,byzantine,sparse_online,25,0.6646813824245206,0.012474411788922043,0.004889969421257441,5.20510758200061,0.1345533679762872,0.05274492024670459,4.363190687226276,0.3151450774882643,0.1235368703753996,1.8644323549665396,0.43225858860604943,0.16944536673357138,1.0,0.0,0.0,0.0,0.0,0.0,0.0,0.0,0.0,1.0,0.0,0.0,0.0,0.0,0.0,0.0017920025690671543,0.001608758532206444,0.0006306333446249259,0.0,0.0,0.0,0.0087,0.00678675180038286,0.0026604067057500813,0.0,0.0,0.0,,,,,,,,,,,,
pace_trusted,compound,algorithm1,25,0.5783830940318269,0.03596818413016523,0.01409952817902477,4.526688693846526,0.2486102618332758,0.09745522263864412,3.7595897994682144,0.34539354350848034,0.1353942690553243,1.7281689068158534,0.45677622117358635,0.17905627870004587,0.72,0.1777638883463118,0.06968344423175422,0.0,0.0,0.0,0.28,0.1777638883463118,0.06968344423175422,0.72,0.1777638883463118,0.06968344423175422,0.0,0.0,0.0,0.1435657403599921,0.055560037388014884,0.021779534656101836,0.06854533576802534,0.10660898520804477,0.04179072220155355,1.4734,0.6812656897275835,0.26705615037321273,1.12,0.7110555533852472,0.2787337769270169,,,,,,,,,,,,
pace_trusted,compound,no_trust,25,0.48442623808028257,0.016780340298521063,0.0065778933970202565,3.792179543907372,0.10656307275545444,0.041772724520138145,3.0800612136716223,0.21495852638887053,0.08426374234443725,1.4481357025606472,0.2908957634501767,0.11403113927246926,0.0,0.0,0.0,0.0,0.0,0.0,1.0,0.0,0.0,0.72,0.1777638883463118,0.06968344423175422,0.0,0.0,0.0,0.30477187915285997,0.025286159851610215,0.009912174661831204,0.2667548472038923,0.2332715480392764,0.09144244683139635,4.0,0.0,0.0,4.0,0.0,0.0,,,,,,,,,,,,
pace_trusted,compound,oracle,25,0.6640437461672414,0.013204774416935138,0.005176271571438574,5.200007022509267,0.13457310980883797,0.05275265904506447,4.390241554493985,0.30912010155584513,0.12117507980989128,1.818475924337689,0.44296692984841046,0.1736430365005769,1.0,0.0,0.0,0.0,0.0,0.0,0.0,0.0,0.0,0.72,0.1777638883463118,0.06968344423175422,0.0,0.0,0.0,0.0,0.0,0.0,0.0,0.0,0.0,0.0,0.0,0.0,0.0,0.0,0.0,,,,,,,,,,,,
pace_trusted,compound,sparse_online,25,0.6618811942942726,0.012175619106992209,0.004772842689940946,5.183045835702573,0.12706325000311935,0.04980879400122278,4.34190525576372,0.2919194284420784,0.11443241594929474,1.8580755398861784,0.38835328828584686,0.15223448900805198,1.0,0.0,0.0,0.0,0.0,0.0,0.0,0.0,0.0,0.72,0.1777638883463118,0.06968344423175422,0.0,0.0,0.0,0.0019488137587614892,0.0016530142646328232,0.0006479815917360667,0.0,0.0,0.0,0.010700000000000001,0.00712460525222275,0.002792845258871318,0.0,0.0,0.0,,,,,,,,,,,,
pace_trusted,reputation_poison,algorithm1,25,0.494016461433273,0.016588187757157345,0.006502569600805678,3.867716726250036,0.1196090108522516,0.04688673225408263,3.2231567922795907,0.22276452717121786,0.0873236946511174,1.4351855614203182,0.33379499379854344,0.130847637569029,0.0,0.0,0.0,0.0,0.0,0.0,1.0,0.0,0.0,0.0,0.0,0.0,0.0,0.0,0.0,0.29456968235964637,0.02502187415416393,0.009808574668432261,0.3257773738895849,0.2598475857417156,0.10186025361075253,3.9929,0.004282522621072791,0.001678748867460534,4.0,0.0,0.0,,,,,,,,,,,,
pace_trusted,reputation_poison,no_trust,25,0.49411903901763005,0.01661780714082088,0.006514180399201786,3.8684711295238214,0.11821911555471126,0.04634189329744681,3.225700589462325,0.20539233773004398,0.08051379639017724,1.451731089569141,0.31392383348604225,0.12305814272652855,0.0,0.0,0.0,0.0,0.0,0.0,1.0,0.0,0.0,0.0,0.0,0.0,0.0,0.0,0.0,0.2941696017500732,0.026027739400222596,0.010202873844887257,0.32547976889896846,0.26548158840415526,0.10406878265442884,4.0,0.0,0.0,4.0,0.0,0.0,,,,,,,,,,,,
pace_trusted,reputation_poison,oracle,25,0.6664596674909238,0.012863314670093778,0.0050424193506767604,5.219016835423173,0.1363616190659619,0.05345375467385706,4.400671869715067,0.3135396837243448,0.12290755601994316,1.8366709956277218,0.4472511298380459,0.17532244289651397,1.0,0.0,0.0,0.0,0.0,0.0,0.0,0.0,0.0,0.0,0.0,0.0,0.0,0.0,0.0,0.0,0.0,0.0,0.0,0.0,0.0,0.0,0.0,0.0,0.0,0.0,0.0,,,,,,,,,,,,
pace_trusted,reputation_poison,sparse_online,25,0.6649106984500014,0.01232854882625115,0.004832791139890451,5.206950221215749,0.135667978277464,0.053181847484765885,4.36160762635414,0.31052471644061386,0.12172568884472064,1.8719626371645126,0.4348031336620614,0.17044282839552807,1.0,0.0,0.0,0.0,0.0,0.0,0.0,0.0,0.0,0.0,0.0,0.0,0.0,0.0,0.0,0.0018424744011950828,0.0008335760035768962,0.0003267617934021433,0.0,0.0,0.0,0.023700000000000002,0.004007492981902775,0.0015709372489058876,0.0,0.0,0.0,,,,,,,,,,,,
pace_trusted,trust_mimicry,algorithm1,25,0.49427844224467776,0.01609970198248268,0.00631108317713321,3.8696945961056803,0.11304437508290348,0.04431339503249816,3.2045298303853316,0.22919916407395602,0.08984607231699075,1.4394614984732386,0.33637714529021157,0.13185984095376294,0.0,0.0,0.0,0.0,0.0,0.0,1.0,0.0,0.0,0.0,0.0,0.0,0.0,0.0,0.0,0.29309306069491886,0.023990176245415867,0.009404149088203018,0.3109457823547781,0.2455660772498158,0.0962619022819278,3.9825,0.007615773105863927,0.0029853830574986594,4.0,0.0,0.0,,,,,,,,,,,,
pace_trusted,trust_mimicry,no_trust,25,0.49517970554913626,0.01659154797490142,0.006503886806161358,3.8767351224131104,0.11680313408683397,0.04578682856203892,3.2139880807993073,0.2207742744961658,0.08654351560249698,1.4521145881899926,0.3280815448254202,0.1286079655715647,0.0,0.0,0.0,0.0,0.0,0.0,1.0,0.0,0.0,0.0,0.0,0.0,0.0,0.0,0.0,0.29194148658008673,0.025755138523038384,0.010096014301031046,0.325578310060678,0.2594555010908783,0.1017065564276243,4.0,0.0,0.0,4.0,0.0,0.0,,,,,,,,,,,,
pace_trusted,trust_mimicry,oracle,25,0.6664596674909238,0.012863314670093778,0.0050424193506767604,5.219016835423173,0.1363616190659619,0.05345375467385706,4.400671869715067,0.3135396837243448,0.12290755601994316,1.8366709956277218,0.4472511298380459,0.17532244289651397,1.0,0.0,0.0,0.0,0.0,0.0,0.0,0.0,0.0,0.0,0.0,0.0,0.0,0.0,0.0,0.0,0.0,0.0,0.0,0.0,0.0,0.0,0.0,0.0,0.0,0.0,0.0,,,,,,,,,,,,
pace_trusted,trust_mimicry,sparse_online,25,0.6649501881029665,0.012673486956613463,0.004968006886992477,5.207258778029357,0.13755215941882307,0.05392044649217864,4.369164380268296,0.3155965250502893,0.12371383781971339,1.8611562855482566,0.4423271389529994,0.17339223846957577,1.0,0.0,0.0,0.0,0.0,0.0,0.0,0.0,0.0,0.0,0.0,0.0,0.0,0.0,0.0,0.0012954977535042996,0.0008762124107899285,0.00034347526502965197,0.0,0.0,0.0,0.0151,0.0055892754449928484,0.0021909959744371966,0.0,0.0,0.0,,,,,,,,,,,,
pure_equal_alpha1,burst,algorithm1,25,0.34135287121648206,0.008833369907034276,0.0034626810035574365,2.672429041234344,0.0572027637786467,0.022423483401229505,2.505177481071618,0.06770277672744988,0.026539488477160356,0.35380017437410055,0.07254268211026606,0.028436731387224294,1.0,0.0,0.0,0.0,0.0,0.0,0.0,0.0,0.0,1.0,0.0,0.0,0.0,0.0,0.0,0.0654362642912643,0.021273617423334494,0.008339258029947122,0.0,0.0,0.0,0.8427,0.28880349720874227,0.11321097090582696,0.0,0.0,0.0,,,,,,,,,,,,
pure_equal_alpha1,burst,no_trust,25,0.26095052188373413,0.0032833504388624355,0.0012870733720340747,2.043068064216942,0.014663336829809243,0.005748028037285223,1.9172549505716319,0.03537590629570506,0.013867355267916385,0.27137510823167893,0.05264654320768671,0.02063744493741319,0.0,0.0,0.0,0.0,0.0,0.0,1.0,0.0,0.0,1.0,0.0,0.0,0.0,0.0,0.0,0.2857142857142857,0.0,0.0,0.28571428571428575,0.0,0.0,4.0,0.0,0.0,4.0,0.0,0.0,,,,,,,,,,,,
pure_equal_alpha1,burst,oracle,25,0.365330730637228,0.00459669061440743,0.0018019027208477124,2.860295289903718,0.02052867156173303,0.008047239252199348,2.6841569308002846,0.049526268813987064,0.019414297375082927,0.3799251515243499,0.07370516049076085,0.02889242291237825,1.0,0.0,0.0,0.0,0.0,0.0,0.0,0.0,0.0,1.0,0.0,0.0,0.0,0.0,0.0,0.0,0.0,0.0,0.0,0.0,0.0,0.0,0.0,0.0,0.0,0.0,0.0,,,,,,,,,,,,
pure_equal_alpha1,burst,sparse_online,25,0.36507733156446515,0.0046044251231517055,0.0018049346482754685,2.8583070804073776,0.02007587735742301,0.00786974392410982,2.6823216384435558,0.04911720589516469,0.01925394471090456,0.3808270415256434,0.0732329837378278,0.028707329625228494,1.0,0.0,0.0,0.0,0.0,0.0,0.0,0.0,0.0,1.0,0.0,0.0,0.0,0.0,0.0,0.0005545376845376846,0.0005253821289693507,0.0002059497945559855,0.0,0.0,0.0,0.006000000000000001,0.005744562646538029,0.0022518685574429076,0.0,0.0,0.0,,,,,,,,,,,,
pure_equal_alpha1,byzantine,algorithm1,25,0.3637720358130373,0.005034396782318833,0.0019734835386689825,2.8480374077812725,0.019432741481964166,0.007617634660929953,2.672364823093929,0.047961822586838516,0.0188010344540407,0.37935165643549956,0.07255672603026936,0.02844223660386559,1.0,0.0,0.0,0.0,0.0,0.0,0.0,0.0,0.0,1.0,0.0,0.0,0.0,0.0,0.0,0.004193086913086913,0.0022171932788829975,0.000869139765322135,0.0,0.0,0.0,0.049100000000000005,0.026794402400501485,0.01050340574099658,0.0,0.0,0.0,,,,,,,,,,,,
pure_equal_alpha1,byzantine,no_trust,25,0.26095052188373413,0.0032833504388624355,0.0012870733720340747,2.043068064216942,0.014663336829809243,0.005748028037285223,1.9172549505716319,0.03537590629570506,0.013867355267916385,0.27137510823167893,0.05264654320768671,0.02063744493741319,0.0,0.0,0.0,0.0,0.0,0.0,1.0,0.0,0.0,1.0,0.0,0.0,0.0,0.0,0.0,0.2857142857142857,0.0,0.0,0.28571428571428575,0.0,0.0,4.0,0.0,0.0,4.0,0.0,0.0,,,,,,,,,,,,
pure_equal_alpha1,byzantine,oracle,25,0.365330730637228,0.00459669061440743,0.0018019027208477124,2.860295289903718,0.02052867156173303,0.008047239252199348,2.6841569308002846,0.049526268813987064,0.019414297375082927,0.3799251515243499,0.07370516049076085,0.02889242291237825,1.0,0.0,0.0,0.0,0.0,0.0,0.0,0.0,0.0,1.0,0.0,0.0,0.0,0.0,0.0,0.0,0.0,0.0,0.0,0.0,0.0,0.0,0.0,0.0,0.0,0.0,0.0,,,,,,,,,,,,
pure_equal_alpha1,byzantine,sparse_online,25,0.3649912532003289,0.004653450755808939,0.001824152696277104,2.857630422690854,0.020391334100344046,0.007993402967334865,2.6814351357297928,0.049693119714001734,0.019479702927888677,0.3793759810970019,0.07344678260212172,0.02879113878003171,1.0,0.0,0.0,0.0,0.0,0.0,0.0,0.0,0.0,1.0,0.0,0.0,0.0,0.0,0.0,0.0007788911088911089,0.0005379004189509608,0.00021085696422877667,0.0,0.0,0.0,0.0087,0.00678675180038286,0.0026604067057500813,0.0,0.0,0.0,,,,,,,,,,,,
pure_equal_alpha1,compound,algorithm1,25,0.32056661192796576,0.020595976050711777,0.008073622611879017,2.508542347458438,0.13784778301755893,0.054036330942883105,2.353208313112038,0.13135830446371277,0.0514924553497754,0.33405401853678635,0.07185167137750857,0.02816585517998336,0.72,0.1777638883463118,0.06968344423175422,0.0,0.0,0.0,0.28,0.1777638883463118,0.06968344423175422,0.72,0.1777638883463118,0.06968344423175422,0.0,0.0,0.0,0.1226662037962038,0.05008635092595859,0.019633849562975765,0.0971095571095571,0.05669342708184552,0.022223823416083442,1.4734,0.6812656897275835,0.26705615037321273,1.12,0.7110555533852472,0.2787337769270169,,,,,,,,,,,,
pure_equal_alpha1,compound,no_trust,25,0.26095052188373413,0.0032833504388624355,0.0012870733720340747,2.043068064216942,0.014663336829809243,0.005748028037285223,1.9172549505716319,0.03537590629570506,0.013867355267916385,0.27137510823167893,0.05264654320768671,0.02063744493741319,0.0,0.0,0.0,0.0,0.0,0.0,1.0,0.0,0.0,0.72,0.1777638883463118,0.06968344423175422,0.0,0.0,0.0,0.2857142857142857,0.0,0.0,0.28571428571428575,0.0,0.0,4.0,0.0,0.0,4.0,0.0,0.0,,,,,,,,,,,,
pure_equal_alpha1,compound,oracle,25,0.365330730637228,0.00459669061440743,0.0018019027208477124,2.860295289903718,0.02052867156173303,0.008047239252199348,2.6841569308002846,0.049526268813987064,0.019414297375082927,0.3799251515243499,0.07370516049076085,0.02889242291237825,1.0,0.0,0.0,0.0,0.0,0.0,0.0,0.0,0.0,0.72,0.1777638883463118,0.06968344423175422,0.0,0.0,0.0,0.0,0.0,0.0,0.0,0.0,0.0,0.0,0.0,0.0,0.0,0.0,0.0,,,,,,,,,,,,
pure_equal_alpha1,compound,sparse_online,25,0.36489482795006656,0.0046894812628570015,0.0018382766550399446,2.8568671412537996,0.01973134868900628,0.007734688686090461,2.6807675995792613,0.0496681338141269,0.019469908455137745,0.38118612107405925,0.07448107992221165,0.029196583329506965,1.0,0.0,0.0,0.0,0.0,0.0,0.0,0.0,0.0,0.72,0.1777638883463118,0.06968344423175422,0.0,0.0,0.0,0.0009665251415251416,0.000621496891865154,0.00024362678161114038,0.0,0.0,0.0,0.010700000000000001,0.00712460525222275,0.002792845258871318,0.0,0.0,0.0,,,,,,,,,,,,
pure_equal_alpha1,reputation_poison,algorithm1,25,0.2610224188015709,0.0032793529709683775,0.0012855063646196039,2.043628368410575,0.014235334473364156,0.005580251113558749,1.917431161734836,0.03634305784103614,0.014246478673686166,0.2727409698313219,0.052665936674830945,0.02064504717653373,0.0,0.0,0.0,0.0,0.0,0.0,1.0,0.0,0.0,0.0,0.0,0.0,0.0,0.0,0.0,0.28548230935730934,0.00026747342392540325,0.00010484958217875807,0.28571428571428575,0.0,0.0,3.9929,0.004282522621072791,0.001678748867460534,4.0,0.0,0.0,,,,,,,,,,,,
pure_equal_alpha1,reputation_poison,no_trust,25,0.26095052188373413,0.0032833504388624355,0.0012870733720340747,2.043068064216942,0.014663336829809243,0.005748028037285223,1.9172549505716319,0.03537590629570506,0.013867355267916385,0.27137510823167893,0.05264654320768671,0.02063744493741319,0.0,0.0,0.0,0.0,0.0,0.0,1.0,0.0,0.0,0.0,0.0,0.0,0.0,0.0,0.0,0.2857142857142857,0.0,0.0,0.28571428571428575,0.0,0.0,4.0,0.0,0.0,4.0,0.0,0.0,,,,,,,,,,,,
pure_equal_alpha1,reputation_poison,oracle,25,0.365330730637228,0.00459669061440743,0.0018019027208477124,2.860295289903718,0.02052867156173303,0.008047239252199348,2.6841569308002846,0.049526268813987064,0.019414297375082927,0.3799251515243499,0.07370516049076085,0.02889242291237825,1.0,0.0,0.0,0.0,0.0,0.0,0.0,0.0,0.0,0.0,0.0,0.0,0.0,0.0,0.0,0.0,0.0,0.0,0.0,0.0,0.0,0.0,0.0,0.0,0.0,0.0,0.0,,,,,,,,,,,,
pure_equal_alpha1,reputation_poison,sparse_online,25,0.36457030146890423,0.004566394563953981,0.0017900266690699606,2.8543400915540262,0.019983400514442185,0.007833493001661336,2.6774993281021553,0.05019372372047237,0.01967593969842517,0.38030709096608123,0.0747496277850094,0.029301854091723683,1.0,0.0,0.0,0.0,0.0,0.0,0.0,0.0,0.0,0.0,0.0,0.0,0.0,0.0,0.0,0.001957217782217782,0.00027630596440030085,0.00010831193804491793,0.0,0.0,0.0,0.023700000000000002,0.004007492981902775,0.0015709372489058876,0.0,0.0,0.0,,,,,,,,,,,,
pure_equal_alpha1,trust_mimicry,algorithm1,25,0.26130647745486363,0.003290409258046985,0.0012898404291544182,2.0458546271754536,0.014682243446044201,0.005755439430849327,1.9197472596235534,0.03631875050973784,0.014236950199817234,0.273577728369801,0.05265259236876294,0.020639816208555074,0.0,0.0,0.0,0.0,0.0,0.0,1.0,0.0,0.0,0.0,0.0,0.0,0.0,0.0,0.0,0.2846657953157953,0.000511219624127511,0.0002003980926579843,0.28571428571428575,0.0,0.0,3.9825,0.007615773105863927,0.0029853830574986594,4.0,0.0,0.0,,,,,,,,,,,,
pure_equal_alpha1,trust_mimicry,no_trust,25,0.26095052188373413,0.0032833504388624355,0.0012870733720340747,2.043068064216942,0.014663336829809243,0.005748028037285223,1.9172549505716319,0.03537590629570506,0.013867355267916385,0.27137510823167893,0.05264654320768671,0.02063744493741319,0.0,0.0,0.0,0.0,0.0,0.0,1.0,0.0,0.0,0.0,0.0,0.0,0.0,0.0,0.0,0.2857142857142857,0.0,0.0,0.28571428571428575,0.0,0.0,4.0,0.0,0.0,4.0,0.0,0.0,,,,,,,,,,,,
pure_equal_alpha1,trust_mimicry,oracle,25,0.365330730637228,0.00459669061440743,0.0018019027208477124,2.860295289903718,0.02052867156173303,0.008047239252199348,2.6841569308002846,0.049526268813987064,0.019414297375082927,0.3799251515243499,0.07370516049076085,0.02889242291237825,1.0,0.0,0.0,0.0,0.0,0.0,0.0,0.0,0.0,0.0,0.0,0.0,0.0,0.0,0.0,0.0,0.0,0.0,0.0,0.0,0.0,0.0,0.0,0.0,0.0,0.0,0.0,,,,,,,,,,,,
pure_equal_alpha1,trust_mimicry,sparse_online,25,0.3648217254364031,0.004611486293201337,0.0018077026269349241,2.8563058204872642,0.02019663045800621,0.007917079139538433,2.67940327570256,0.04984576091482344,0.01953953827861079,0.38130036255713873,0.07410031017707766,0.029047321589414442,1.0,0.0,0.0,0.0,0.0,0.0,0.0,0.0,0.0,0.0,0.0,0.0,0.0,0.0,0.0,0.0012414663114663116,0.0004116992698860091,0.00016138611379531558,0.0,0.0,0.0,0.0151,0.0055892754449928484,0.0021909959744371966,0.0,0.0,0.0,,,,,,,,,,,,
pure_greedy_alpha0,burst,algorithm1,25,0.8817948957288135,0.027552935674476246,0.01080075078439469,6.9049789428057196,0.23866282753347765,0.09355582839312324,6.076334491779408,0.2651838331429293,0.1039520625920283,1.7352889309104738,0.3985092079416979,0.15621560951314556,1.0,0.0,0.0,0.0,0.0,0.0,0.0,0.0,0.0,1.0,0.0,0.0,0.0,0.0,0.0,0.1090114139893326,0.03132440178949601,0.012279165501482437,0.0,0.0,0.0,0.8427,0.28880349720874227,0.11321097090582696,0.0,0.0,0.0,,,,,,,,,,,,
pure_greedy_alpha0,burst,no_trust,25,0.6462617634960799,0.008803033151849203,0.003450788995524888,5.060366365261524,0.08828442050533696,0.034607492838092085,4.324088375331258,0.23675778472755496,0.09280905161320155,1.5357207531366972,0.3499672505986572,0.13718716223467362,0.0,0.0,0.0,0.0,0.0,0.0,1.0,0.0,0.0,1.0,0.0,0.0,0.0,0.0,0.0,0.3909387292136838,0.006721027468382371,0.0026346427676058894,0.28,0.448998886412873,0.17600756347384622,4.0,0.0,0.0,4.0,0.0,0.0,,,,,,,,,,,,
pure_greedy_alpha0,burst,oracle,25,0.9734621821119671,0.0038252482718393074,0.0014994973225610085,7.623044793798317,0.13160384850820764,0.051588708615217395,6.730544109729707,0.24985914442167706,0.0979447846132974,1.8505115461911672,0.4106795613519248,0.16098638804995452,1.0,0.0,0.0,0.0,0.0,0.0,0.0,0.0,0.0,1.0,0.0,0.0,0.0,0.0,0.0,0.0,0.0,0.0,0.0,0.0,0.0,0.0,0.0,0.0,0.0,0.0,0.0,,,,,,,,,,,,
pure_greedy_alpha0,burst,sparse_online,25,0.972243060919782,0.003628855218711405,0.0014225112457348708,7.613481092954324,0.13014620168116944,0.051017311059018425,6.721679645172119,0.25154912257370304,0.09860725604889159,1.8488015698454054,0.410488911735083,0.16091165340015254,1.0,0.0,0.0,0.0,0.0,0.0,0.0,0.0,0.0,1.0,0.0,0.0,0.0,0.0,0.0,0.0009803536361314446,0.0009260050799657612,0.0003629939913465783,0.0,0.0,0.0,0.006000000000000001,0.005744562646538029,0.0022518685574429076,0.0,0.0,0.0,,,,,,,,,,,,
pure_greedy_alpha0,byzantine,algorithm1,25,0.9648192114794029,0.005062444805606916,0.001984478363797911,7.55513858898166,0.119638391517791,0.04689824947497408,6.668716434340634,0.24575918547956815,0.09633760070799072,1.8397551571956803,0.40758036856751007,0.15977150447846394,1.0,0.0,0.0,0.0,0.0,0.0,0.0,0.0,0.0,1.0,0.0,0.0,0.0,0.0,0.0,0.01031021799653128,0.00467672243949776,0.0018332751962831218,0.0,0.0,0.0,0.049100000000000005,0.026794402400501485,0.01050340574099658,0.0,0.0,0.0,,,,,,,,,,,,
pure_greedy_alpha0,byzantine,no_trust,25,0.4800230505297472,0.016192805656730383,0.0063475798174383105,3.758910709974416,0.13858808395480796,0.05432652891028472,3.139223572799922,0.20885106483351198,0.0818696174147367,1.4278611904139324,0.34272057617807783,0.13434646586180649,0.0,0.0,0.0,0.0,0.0,0.0,1.0,0.0,0.0,1.0,0.0,0.0,0.0,0.0,0.0,0.5836528954752311,0.013864549355465525,0.005434903347342486,0.72,0.44899888641287294,0.1760075634738462,4.0,0.0,0.0,4.0,0.0,0.0,,,,,,,,,,,,
pure_greedy_alpha0,byzantine,oracle,25,0.9734621821119671,0.0038252482718393074,0.0014994973225610085,7.623044793798317,0.13160384850820764,0.051588708615217395,6.730544109729707,0.24985914442167706,0.0979447846132974,1.8505115461911672,0.4106795613519248,0.16098638804995452,1.0,0.0,0.0,0.0,0.0,0.0,0.0,0.0,0.0,1.0,0.0,0.0,0.0,0.0,0.0,0.0,0.0,0.0,0.0,0.0,0.0,0.0,0.0,0.0,0.0,0.0,0.0,,,,,,,,,,,,
pure_greedy_alpha0,byzantine,sparse_online,25,0.9719889289365845,0.004137124950744556,0.0016217529806918658,7.611494330799791,0.13119706457189437,0.05142924931218259,6.719842243004202,0.25110262064409233,0.0984322272924842,1.8483459773939757,0.41034139058777985,0.16085382511040971,1.0,0.0,0.0,0.0,0.0,0.0,0.0,0.0,0.0,1.0,0.0,0.0,0.0,0.0,0.0,0.0012836577063732944,0.0008597037241967578,0.00033700385988512903,0.0,0.0,0.0,0.0087,0.00678675180038286,0.0026604067057500813,0.0,0.0,0.0,,,,,,,,,,,,
pure_greedy_alpha0,compound,algorithm1,25,0.8272445461370854,0.043507490968205415,0.01705493645953652,6.474794572189873,0.2925681173663825,0.11468670200762195,5.648088280649919,0.36070615875364154,0.14139681423142747,1.7189240293895631,0.4279881287289818,0.16777134646176087,0.72,0.1777638883463118,0.06968344423175422,0.0,0.0,0.0,0.28,0.1777638883463118,0.06968344423175422,0.72,0.1777638883463118,0.06968344423175422,0.0,0.0,0.0,0.18071937184122366,0.05581335284023033,0.02187883431337029,0.10405371628555102,0.2892012375592653,0.11336688512323198,1.4734,0.6812656897275835,0.26705615037321273,1.12,0.7110555533852472,0.2787337769270169,,,,,,,,,,,,
pure_greedy_alpha0,compound,no_trust,25,0.578948103766821,0.056807443252387416,0.022268517754935865,4.53700722511972,0.48365971512521855,0.18959460832908565,3.8709676343828017,0.42119409638375516,0.16510808578243202,1.4602365649251468,0.364386333169379,0.1428394426023966,0.0,0.0,0.0,0.0,0.0,0.0,1.0,0.0,0.0,0.72,0.1777638883463118,0.06968344423175422,0.0,0.0,0.0,0.4681240430713613,0.060283433284397815,0.023631105847483944,0.4910188322813056,0.49186977236479135,0.1928129507669982,4.0,0.0,0.0,4.0,0.0,0.0,,,,,,,,,,,,
pure_greedy_alpha0,compound,oracle,25,0.9696658166694095,0.004711862082125318,0.0018470499361931242,7.593219685496252,0.127321356626208,0.049909971797473536,6.688140113930608,0.26405915091774224,0.10351118715975496,1.8145362438186832,0.3764400422861019,0.14756449657615195,1.0,0.0,0.0,0.0,0.0,0.0,0.0,0.0,0.0,0.72,0.1777638883463118,0.06968344423175422,0.0,0.0,0.0,0.0,0.0,0.0,0.0,0.0,0.0,0.0,0.0,0.0,0.0,0.0,0.0,,,,,,,,,,,,
pure_greedy_alpha0,compound,sparse_online,25,0.9675903924718025,0.005024989999947592,0.001969796079979456,7.57691627841256,0.12469625956671683,0.048880933750153,6.6730893064621855,0.262254950729594,0.10280394068600085,1.8128611633861609,0.3760400192007724,0.14740768752670277,1.0,0.0,0.0,0.0,0.0,0.0,0.0,0.0,0.0,0.72,0.1777638883463118,0.06968344423175422,0.0,0.0,0.0,0.0019710392415974603,0.0014001353430831561,0.0005488530544885972,0.0,0.0,0.0,0.010700000000000001,0.00712460525222275,0.002792845258871318,0.0,0.0,0.0,,,,,,,,,,,,
pure_greedy_alpha0,reputation_poison,algorithm1,25,0.758810739013039,0.011435915596559305,0.004482878913851247,5.941972915871325,0.12586923712506531,0.049340740953025604,5.1057647345408705,0.2658662155085393,0.1042195564793474,1.7045803327439801,0.3729257736457066,0.14618690326911699,0.0,0.0,0.0,0.0,0.0,0.0,1.0,0.0,0.0,0.0,0.0,0.0,0.0,0.0,0.0,0.2987785503177333,0.011719485695207461,0.004594038392521324,0.43087513710632186,0.4746273039079594,0.18605390313192008,3.9929,0.004282522621072791,0.001678748867460534,4.0,0.0,0.0,,,,,,,,,,,,
pure_greedy_alpha0,reputation_poison,no_trust,25,0.7590938637461454,0.011395932213000694,0.004467205427496272,5.9441965483446815,0.1259883505013085,0.04938743339651293,5.107795963487047,0.26500656334475897,0.10388257283114552,1.704769230228823,0.3730086155395809,0.14621937729151574,0.0,0.0,0.0,0.0,0.0,0.0,1.0,0.0,0.0,0.0,0.0,0.0,0.0,0.0,0.0,0.29882343806094364,0.011667872003446026,0.004573805825350842,0.4309496668550572,0.47469177255116307,0.18607917484005593,4.0,0.0,0.0,4.0,0.0,0.0,,,,,,,,,,,,
pure_greedy_alpha0,reputation_poison,oracle,25,0.9734621821119671,0.0038252482718393074,0.0014994973225610085,7.623044793798317,0.13160384850820764,0.051588708615217395,6.730544109729707,0.24985914442167706,0.0979447846132974,1.8505115461911672,0.4106795613519248,0.16098638804995452,1.0,0.0,0.0,0.0,0.0,0.0,0.0,0.0,0.0,0.0,0.0,0.0,0.0,0.0,0.0,0.0,0.0,0.0,0.0,0.0,0.0,0.0,0.0,0.0,0.0,0.0,0.0,,,,,,,,,,,,
pure_greedy_alpha0,reputation_poison,sparse_online,25,0.9713589742006532,0.003742808361765538,0.0014671808778120908,7.606579391211108,0.13143497651317188,0.051522510793163376,6.7154332290632315,0.25109001246434237,0.0984272848860222,1.8476032634333899,0.41033110769331815,0.16084979421578072,1.0,0.0,0.0,0.0,0.0,0.0,0.0,0.0,0.0,0.0,0.0,0.0,0.0,0.0,0.0,0.002201899207122114,0.00028202700420421474,0.00011055458564805217,0.0,0.0,0.0,0.023700000000000002,0.004007492981902775,0.0015709372489058876,0.0,0.0,0.0,,,,,,,,,,,,
pure_greedy_alpha0,trust_mimicry,algorithm1,25,0.7591310177147202,0.010478052473672604,0.004107396569679661,5.944454111098663,0.11956475274054892,0.04686938307429518,5.122536482935933,0.2663484496125755,0.1044085922481296,1.6688980349117941,0.38809834028946383,0.15213454939346982,0.0,0.0,0.0,0.0,0.0,0.0,1.0,0.0,0.0,0.0,0.0,0.0,0.0,0.0,0.0,0.2975967284037566,0.011066840333286943,0.004338201410648482,0.4277342136482734,0.46916331663436783,0.18391202012067218,3.9825,0.007615773105863927,0.0029853830574986594,4.0,0.0,0.0,,,,,,,,,,,,
pure_greedy_alpha0,trust_mimicry,no_trust,25,0.7596073542586792,0.010580144640938451,0.004147416699247873,5.948182054480636,0.12004116093034761,0.04705613508469626,5.125962313352319,0.26576112142570496,0.10417835959887634,1.669263437379255,0.3882229650909652,0.15218340231565836,0.0,0.0,0.0,0.0,0.0,0.0,1.0,0.0,0.0,0.0,0.0,0.0,0.0,0.0,0.0,0.2974877781404963,0.011096066102429025,0.004349657912152178,0.42784004524228036,0.46923141595287876,0.1839387150535285,4.0,0.0,0.0,4.0,0.0,0.0,,,,,,,,,,,,
pure_greedy_alpha0,trust_mimicry,oracle,25,0.9734621821119671,0.0038252482718393074,0.0014994973225610085,7.623044793798317,0.13160384850820764,0.051588708615217395,6.730544109729707,0.24985914442167706,0.0979447846132974,1.8505115461911672,0.4106795613519248,0.16098638804995452,1.0,0.0,0.0,0.0,0.0,0.0,0.0,0.0,0.0,0.0,0.0,0.0,0.0,0.0,0.0,0.0,0.0,0.0,0.0,0.0,0.0,0.0,0.0,0.0,0.0,0.0,0.0,,,,,,,,,,,,
pure_greedy_alpha0,trust_mimicry,sparse_online,25,0.9716355167221444,0.0037686728658199897,0.001477319763401436,7.608730684388704,0.1306862368329549,0.05122900483851832,6.717300558244939,0.25085785380559594,0.09833627869179361,1.848028505559246,0.4103852504058702,0.16087101815910113,1.0,0.0,0.0,0.0,0.0,0.0,0.0,0.0,0.0,0.0,0.0,0.0,0.0,0.0,0.0,0.0018495487232973319,0.0005290835024483981,0.00020740073295977203,0.0,0.0,0.0,0.0151,0.0055892754449928484,0.0021909959744371966,0.0,0.0,0.0,,,,,,,,,,,,
robust_aggregation,burst,algorithm1,25,0.5993594944501975,0.016493452789032872,0.006465433493300886,4.6928472733258655,0.12982297216009683,0.05089060508675795,4.23152023757025,0.17097182535707836,0.06702095553997471,0.986397380643512,0.19493964635413463,0.07641634137082078,1.0,0.0,0.0,0.0,0.0,0.0,0.0,0.0,0.0,1.0,0.0,0.0,0.0,0.0,0.0,0.08560996852985507,0.026062172231833176,0.010216371514878603,0.0,0.0,0.0,0.8427,0.28880349720874227,0.11321097090582696,0.0,0.0,0.0,,,,,,,,,,,,
robust_aggregation,burst,no_trust,25,0.4549240088198572,0.009675125217572777,0.0037926490852885283,3.561779474579901,0.06782139855014024,0.026585988231654978,3.223635274360794,0.10509531899829555,0.04119736504733186,0.7031687860847653,0.1332957183006054,0.052251921573837325,0.0,0.0,0.0,0.0,0.0,0.0,1.0,0.0,0.0,1.0,0.0,0.0,0.0,0.0,0.0,0.33202694076083683,0.0074129772650600246,0.0029058870879035297,0.2906677962873642,0.22288375536971441,0.08737043210492805,4.0,0.0,0.0,4.0,0.0,0.0,,,,,,,,,,,,
robust_aggregation,burst,oracle,25,0.6541280469640641,0.0057333057271896385,0.002247455845058338,5.122009577219462,0.07474836816340784,0.029301360320055876,4.6564795810359465,0.15390497074560353,0.06033074853227658,0.9912161791721402,0.21185795928754425,0.08304832004071735,1.0,0.0,0.0,0.0,0.0,0.0,0.0,0.0,0.0,1.0,0.0,0.0,0.0,0.0,0.0,0.0,0.0,0.0,0.0,0.0,0.0,0.0,0.0,0.0,0.0,0.0,0.0,,,,,,,,,,,,
robust_aggregation,burst,sparse_online,25,0.6529030831547993,0.005802529688419483,0.002274591637860437,5.112335979446713,0.06922742913174428,0.027137152219643756,4.645493129684394,0.15362532366689058,0.06022112687742111,0.9937567623973546,0.2136102343711085,0.08373521187347452,1.0,0.0,0.0,0.0,0.0,0.0,0.0,0.0,0.0,1.0,0.0,0.0,0.0,0.0,0.0,0.0011438787139407263,0.001287593519233108,0.0005047366595393783,0.0,0.0,0.0,0.006000000000000001,0.005744562646538029,0.0022518685574429076,0.0,0.0,0.0,,,,,,,,,,,,
robust_aggregation,byzantine,algorithm1,25,0.6478407487993997,0.008635687148393877,0.0033851893621703994,5.072410813797724,0.06632518669360232,0.02599947318389211,4.607773737965393,0.1493786988288705,0.05855644994091723,0.989816945857128,0.20324952509937388,0.07967381383895457,1.0,0.0,0.0,0.0,0.0,0.0,0.0,0.0,0.0,1.0,0.0,0.0,0.0,0.0,0.0,0.008369312504810019,0.005435177614489737,0.002130589624879977,0.0,0.0,0.0,0.049100000000000005,0.026794402400501485,0.01050340574099658,0.0,0.0,0.0,,,,,,,,,,,,
robust_aggregation,byzantine,no_trust,25,0.413653679046861,0.010241944289119585,0.004014842161334877,3.2390088250825237,0.08783625954989863,0.03443181374356026,2.831741740144704,0.135598633945205,0.05315466450652036,0.8095203527802289,0.15771896749844933,0.061825835259392135,0.0,0.0,0.0,0.0,0.0,0.0,1.0,0.0,0.0,1.0,0.0,0.0,0.0,0.0,0.0,0.4022810156616565,0.00780333493021088,0.003058907292642665,0.39001569366139527,0.24456874747025742,0.09587094900834091,4.0,0.0,0.0,4.0,0.0,0.0,,,,,,,,,,,,
robust_aggregation,byzantine,oracle,25,0.6541280469640641,0.0057333057271896385,0.002247455845058338,5.122009577219462,0.07474836816340784,0.029301360320055876,4.6564795810359465,0.15390497074560353,0.06033074853227658,0.9912161791721402,0.21185795928754425,0.08304832004071735,1.0,0.0,0.0,0.0,0.0,0.0,0.0,0.0,0.0,1.0,0.0,0.0,0.0,0.0,0.0,0.0,0.0,0.0,0.0,0.0,0.0,0.0,0.0,0.0,0.0,0.0,0.0,,,,,,,,,,,,
robust_aggregation,byzantine,sparse_online,25,0.6528084042159484,0.006203594012683359,0.002431808852971877,5.111550730569734,0.06814199790468033,0.026711663178634687,4.645227568672814,0.15256170976107405,0.05980419022634102,0.9910368306355042,0.21346241191173396,0.08367726546939971,1.0,0.0,0.0,0.0,0.0,0.0,0.0,0.0,0.0,1.0,0.0,0.0,0.0,0.0,0.0,0.001439695507904723,0.001218352915300826,0.00047759434279792386,0.0,0.0,0.0,0.0087,0.00678675180038286,0.0026604067057500813,0.0,0.0,0.0,,,,,,,,,,,,
robust_aggregation,compound,algorithm1,25,0.5642312146422453,0.032410287885336043,0.012704832851051728,4.415649185437184,0.21392167733865153,0.08385729751675139,4.014065823060645,0.24181590058308575,0.09479183302856961,0.8616920400715654,0.18316422670984278,0.07180037687025836,0.72,0.1777638883463118,0.06968344423175422,0.0,0.0,0.0,0.28,0.1777638883463118,0.06968344423175422,0.72,0.1777638883463118,0.06968344423175422,0.0,0.0,0.0,0.14840465465876584,0.05175796972401233,0.020289124131812834,0.06987725828138151,0.10129364505094436,0.03970710885997019,1.4734,0.6812656897275835,0.26705615037321273,1.12,0.7110555533852472,0.2787337769270169,,,,,,,,,,,,
robust_aggregation,compound,no_trust,25,0.4384996713236939,0.014934813791944139,0.0058544470064421025,3.4342348534914926,0.1407148236382662,0.055160210866200356,3.082738913737133,0.1686061075338388,0.06609359415326481,0.7421750649888146,0.15949626195000943,0.06252253468440369,0.0,0.0,0.0,0.0,0.0,0.0,1.0,0.0,0.0,0.72,0.1777638883463118,0.06968344423175422,0.0,0.0,0.0,0.3585531484984488,0.021598627520829212,0.008466661988165052,0.41146275974973895,0.24361833242746173,0.095498386311565,4.0,0.0,0.0,4.0,0.0,0.0,,,,,,,,,,,,
robust_aggregation,compound,oracle,25,0.6524592780316487,0.005652377391374467,0.002215731937418791,5.108933773913507,0.0737352006440185,0.028904198652455255,4.647025817676361,0.155916954635511,0.06111944621712031,0.9913544310277215,0.22029931604038572,0.0863573318878312,1.0,0.0,0.0,0.0,0.0,0.0,0.0,0.0,0.0,0.72,0.1777638883463118,0.06968344423175422,0.0,0.0,0.0,0.0,0.0,0.0,0.0,0.0,0.0,0.0,0.0,0.0,0.0,0.0,0.0,,,,,,,,,,,,
robust_aggregation,compound,sparse_online,25,0.6509253920938121,0.005872641410111378,0.0023020754327636598,5.096825473930511,0.06771784680285732,0.02654539594672007,4.63220475695633,0.15663441720194635,0.061400691543162966,0.991552309070901,0.2173688416623273,0.0852085859316323,1.0,0.0,0.0,0.0,0.0,0.0,0.0,0.0,0.0,0.72,0.1777638883463118,0.06968344423175422,0.0,0.0,0.0,0.0014933586757109063,0.001154855862504679,0.00045270349810183413,0.0,0.0,0.0,0.010700000000000001,0.00712460525222275,0.002792845258871318,0.0,0.0,0.0,,,,,,,,,,,,
robust_aggregation,reputation_poison,algorithm1,25,0.4913836830369419,0.008434632422510357,0.0033063759096240604,3.8472170499443026,0.053835466554591184,0.021103502889399745,3.517397804132871,0.10967969834829357,0.042994441752531073,0.7104812807337317,0.16619007089254254,0.06514650778987667,0.0,0.0,0.0,0.0,0.0,0.0,1.0,0.0,0.0,0.0,0.0,0.0,0.0,0.0,0.0,0.29084402861810865,0.005587410282757198,0.0021902648308408214,0.3717940385849909,0.24118254446787135,0.09454355743140556,3.9929,0.004282522621072791,0.001678748867460534,4.0,0.0,0.0,,,,,,,,,,,,
robust_aggregation,reputation_poison,no_trust,25,0.49133086890351146,0.008259862097260835,0.003237865942126247,3.8468085580630342,0.05250844650965781,0.020583311031785862,3.5168119992031404,0.10850304980940982,0.04253319552528865,0.7092363062892624,0.16616476810058717,0.06513658909543016,0.0,0.0,0.0,0.0,0.0,0.0,1.0,0.0,0.0,0.0,0.0,0.0,0.0,0.0,0.0,0.29108443898580594,0.005616542944564118,0.0022016848342691344,0.3717940385849909,0.24118254446787135,0.09454355743140556,4.0,0.0,0.0,4.0,0.0,0.0,,,,,,,,,,,,
robust_aggregation,reputation_poison,oracle,25,0.6541280469640641,0.0057333057271896385,0.002247455845058338,5.122009577219462,0.07474836816340784,0.029301360320055876,4.6564795810359465,0.15390497074560353,0.06033074853227658,0.9912161791721402,0.21185795928754425,0.08304832004071735,1.0,0.0,0.0,0.0,0.0,0.0,0.0,0.0,0.0,0.0,0.0,0.0,0.0,0.0,0.0,0.0,0.0,0.0,0.0,0.0,0.0,0.0,0.0,0.0,0.0,0.0,0.0,,,,,,,,,,,,
robust_aggregation,reputation_poison,sparse_online,25,0.65325154639798,0.005576519860223896,0.0021859957852077673,5.115097124571059,0.07051492458762046,0.027641850438347222,4.649418325959131,0.15492510985165206,0.06073064306184761,0.9927836135106797,0.2128343207108485,0.08343105371865261,1.0,0.0,0.0,0.0,0.0,0.0,0.0,0.0,0.0,0.0,0.0,0.0,0.0,0.0,0.0,0.001906582340556774,0.0011992874956464061,0.0004701206982933912,0.0,0.0,0.0,0.023700000000000002,0.004007492981902775,0.0015709372489058876,0.0,0.0,0.0,,,,,,,,,,,,
robust_aggregation,trust_mimicry,algorithm1,25,0.49085438692923544,0.007617559936583932,0.0029860834951409014,3.8431248847050754,0.049897692877571086,0.019559895608007867,3.5198165723623562,0.10453308837684006,0.0409769706437213,0.7041752850958624,0.16174289801869712,0.06340321602332927,0.0,0.0,0.0,0.0,0.0,0.0,1.0,0.0,0.0,0.0,0.0,0.0,0.0,0.0,0.0,0.29004090695144624,0.005517141218578743,0.0021627193576828673,0.36379149115024545,0.24122957752367036,0.09456199438927879,3.9825,0.007615773105863927,0.0029853830574986594,4.0,0.0,0.0,,,,,,,,,,,,
robust_aggregation,trust_mimicry,no_trust,25,0.4907894074350633,0.00767617060002027,0.003009058875207946,3.842617204745967,0.050583021278063384,0.019828544341000846,3.5181839886867823,0.10428108676904158,0.040878186013464296,0.7050931942645324,0.16336800133652538,0.06404025652391795,0.0,0.0,0.0,0.0,0.0,0.0,1.0,0.0,0.0,0.0,0.0,0.0,0.0,0.0,0.0,0.29072493545073524,0.00559063823008379,0.0021915301861928456,0.36379149115024545,0.24122957752367036,0.09456199438927879,4.0,0.0,0.0,4.0,0.0,0.0,,,,,,,,,,,,
robust_aggregation,trust_mimicry,oracle,25,0.6541280469640641,0.0057333057271896385,0.002247455845058338,5.122009577219462,0.07474836816340784,0.029301360320055876,4.6564795810359465,0.15390497074560353,0.06033074853227658,0.9912161791721402,0.21185795928754425,0.08304832004071735,1.0,0.0,0.0,0.0,0.0,0.0,0.0,0.0,0.0,0.0,0.0,0.0,0.0,0.0,0.0,0.0,0.0,0.0,0.0,0.0,0.0,0.0,0.0,0.0,0.0,0.0,0.0,,,,,,,,,,,,
robust_aggregation,trust_mimicry,sparse_online,25,0.6534673184947879,0.005773918006133846,0.002263375858404468,5.116798585804093,0.07233641343628906,0.028355874067025312,4.650891936566693,0.15352555202479196,0.06018201639371844,0.9915908136379668,0.21266861650467045,0.08336609766983082,1.0,0.0,0.0,0.0,0.0,0.0,0.0,0.0,0.0,0.0,0.0,0.0,0.0,0.0,0.0,0.0011916645445897624,0.0010022690564544024,0.0003928894701301257,0.0,0.0,0.0,0.0151,0.0055892754449928484,0.0021909959744371966,0.0,0.0,0.0,,,,,,,,,,,,
sample_resolving,burst,algorithm1,25,0.5188947123741883,0.013793801083629105,0.005407170024782609,4.063161357004441,0.12015622107533908,0.047101238661532915,3.7686385100437163,0.14306387473615786,0.056081038896573884,0.651209957469287,0.10748545750118528,0.04213429934046463,1.0,0.0,0.0,0.0,0.0,0.0,0.0,0.0,0.0,1.0,0.0,0.0,0.0,0.0,0.0,0.09115662319736698,0.02477605854385207,0.009712214949190012,0.0,0.0,0.0,0.8427,0.28880349720874227,0.11321097090582696,0.0,0.0,0.0,,,,,,,,,,,,
sample_resolving,burst,no_trust,25,0.3889678375469622,0.004909137055352856,0.0019243817256983195,3.045623652229713,0.04582607823422899,0.017963822667817764,2.82014181102592,0.08381969835930408,0.032857321756847205,0.4973779368831741,0.09059967957456998,0.035515074393231434,0.0,0.0,0.0,0.0,0.0,0.0,1.0,0.0,0.0,1.0,0.0,0.0,0.0,0.0,0.0,0.3348772076922414,0.005637848242505692,0.002210036511062231,0.2650111677384573,0.08995855348704677,0.035263752966922336,4.0,0.0,0.0,4.0,0.0,0.0,,,,,,,,,,,,
sample_resolving,burst,oracle,25,0.5682172864391284,0.0025655810694060247,0.0010057077792071617,4.449519756651879,0.07096813045901748,0.027819507139934852,4.138979108079125,0.11836713709147227,0.046399917739857126,0.6808964185317542,0.11100602871474241,0.04351436325617902,1.0,0.0,0.0,0.0,0.0,0.0,0.0,0.0,0.0,1.0,0.0,0.0,0.0,0.0,0.0,0.0,0.0,0.0,0.0,0.0,0.0,0.0,0.0,0.0,0.0,0.0,0.0,,,,,,,,,,,,
sample_resolving,burst,sparse_online,25,0.5666902342698212,0.002764283284567218,0.0010835990475503495,4.437577202508545,0.07217494211874645,0.028292577310548607,4.127490916210628,0.11996391957715483,0.04702585647424469,0.6799447331056454,0.11072542340833341,0.04340436597606669,1.0,0.0,0.0,0.0,0.0,0.0,0.0,0.0,0.0,1.0,0.0,0.0,0.0,0.0,0.0,0.001980661139211237,0.0018160624801937374,0.000711896492235945,0.0,0.0,0.0,0.006000000000000001,0.005744562646538029,0.0022518685574429076,0.0,0.0,0.0,,,,,,,,,,,,
sample_resolving,byzantine,algorithm1,25,0.5624036303365173,0.0030261529871024075,0.0011862519709441436,4.403912455603618,0.066097847402252,0.025910356181682782,4.095054579759472,0.11560237081678158,0.045316129360178384,0.6774600533943271,0.11006183255946644,0.04314423836331084,1.0,0.0,0.0,0.0,0.0,0.0,0.0,0.0,0.0,1.0,0.0,0.0,0.0,0.0,0.0,0.009946769726659532,0.0034700335127867215,0.0013602531370123948,0.0,0.0,0.0,0.049100000000000005,0.026794402400501485,0.01050340574099658,0.0,0.0,0.0,,,,,,,,,,,,
sample_resolving,byzantine,no_trust,25,0.3493088693436082,0.0061535976596477715,0.0024122102825819263,2.7350590044752585,0.051053479869687945,0.020012964108917675,2.5319194512185286,0.08177502914586769,0.03205581142518014,0.448772302339063,0.08096986310589357,0.03174018633751028,0.0,0.0,0.0,0.0,0.0,0.0,1.0,0.0,0.0,1.0,0.0,0.0,0.0,0.0,0.0,0.40852593879229937,0.00843490974967982,0.00330648462187449,0.470409845974309,0.15936895290924902,0.062472629540425616,4.0,0.0,0.0,4.0,0.0,0.0,,,,,,,,,,,,
sample_resolving,byzantine,oracle,25,0.5682172864391284,0.0025655810694060247,0.0010057077792071617,4.449519756651879,0.07096813045901748,0.027819507139934852,4.138979108079125,0.11836713709147227,0.046399917739857126,0.6808964185317542,0.11100602871474241,0.04351436325617902,1.0,0.0,0.0,0.0,0.0,0.0,0.0,0.0,0.0,1.0,0.0,0.0,0.0,0.0,0.0,0.0,0.0,0.0,0.0,0.0,0.0,0.0,0.0,0.0,0.0,0.0,0.0,,,,,,,,,,,,
sample_resolving,byzantine,sparse_online,25,0.5664812085420587,0.0028890399244892616,0.0011325036503997904,4.43597710214571,0.07462476922062154,0.029252909534483645,4.1259225367901236,0.12173028969117702,0.04771827355894139,0.6798620163895337,0.11064538962957411,0.04337299273479305,1.0,0.0,0.0,0.0,0.0,0.0,0.0,0.0,0.0,1.0,0.0,0.0,0.0,0.0,0.0,0.002372618336004908,0.0014735629910547004,0.0005776366924934426,0.0,0.0,0.0,0.0087,0.00678675180038286,0.0026604067057500813,0.0,0.0,0.0,,,,,,,,,,,,
sample_resolving,compound,algorithm1,25,0.4878359051351208,0.02888955017739733,0.011324703669539752,3.817990084972239,0.19726758436304498,0.07732889307031363,3.5398594584055547,0.18681884213812308,0.07323298611814424,0.606467736913148,0.10376488377935333,0.040675834441506506,0.72,0.1777638883463118,0.06968344423175422,0.0,0.0,0.0,0.28,0.1777638883463118,0.06968344423175422,0.72,0.1777638883463118,0.06968344423175422,0.0,0.0,0.0,0.15143073065667448,0.05365153786823609,0.021031402844348547,0.0875355603603513,0.07232454810300458,0.028351222856377794,1.4734,0.6812656897275835,0.26705615037321273,1.12,0.7110555533852472,0.2787337769270169,,,,,,,,,,,,
sample_resolving,compound,no_trust,25,0.3737457591810346,0.011768142104577472,0.004613111704994369,2.927117104011307,0.11401033927434116,0.044692052995541735,2.708036426532243,0.13263910806904727,0.051994530363066525,0.4805125450997984,0.07761046046309923,0.0304233005015349,0.0,0.0,0.0,0.0,0.0,0.0,1.0,0.0,0.0,0.72,0.1777638883463118,0.06968344423175422,0.0,0.0,0.0,0.36276168000938436,0.021539719947052872,0.008443570219244726,0.3748423224369956,0.15837936896639088,0.06208471263482522,4.0,0.0,0.0,4.0,0.0,0.0,,,,,,,,,,,,
sample_resolving,compound,oracle,25,0.5677754336449756,0.0027059991843230735,0.001060751680254645,4.44598144888448,0.06623169749258295,0.025962825417092515,4.134326239300011,0.11515329420706764,0.04514009132917052,0.676759018312982,0.10460053483014049,0.04100340965341508,1.0,0.0,0.0,0.0,0.0,0.0,0.0,0.0,0.0,0.72,0.1777638883463118,0.06968344423175422,0.0,0.0,0.0,0.0,0.0,0.0,0.0,0.0,0.0,0.0,0.0,0.0,0.0,0.0,0.0,,,,,,,,,,,,
sample_resolving,compound,sparse_online,25,0.565329290421449,0.0031103014309494413,0.001219238160932181,4.426838178583754,0.06772502912087981,0.02654821141538489,4.115812418467158,0.11494089879975126,0.04505683232950249,0.6751743181721495,0.1042801803861232,0.040877830711360294,1.0,0.0,0.0,0.0,0.0,0.0,0.0,0.0,0.0,0.72,0.1777638883463118,0.06968344423175422,0.0,0.0,0.0,0.0038516267600125957,0.002257340633873245,0.0008848775284783121,0.0,0.0,0.0,0.010700000000000001,0.00712460525222275,0.002792845258871318,0.0,0.0,0.0,,,,,,,,,,,,
sample_resolving,reputation_poison,algorithm1,25,0.4132842455241834,0.004799207606336543,0.0018812893816839249,3.2360423590742147,0.047399779552943104,0.018580713584753696,3.002752946997161,0.08239729382677473,0.032299739180095696,0.5134391810573419,0.0895323451953311,0.03509667931656979,0.0,0.0,0.0,0.0,0.0,0.0,1.0,0.0,0.0,0.0,0.0,0.0,0.0,0.0,0.0,0.2924060380178376,0.006524137237541089,0.002557461797116107,0.3208789371556024,0.12149200308820028,0.047624865210574505,3.9929,0.004282522621072791,0.001678748867460534,4.0,0.0,0.0,,,,,,,,,,,,
sample_resolving,reputation_poison,no_trust,25,0.41358388795368556,0.004971055706608528,0.0019486538369905431,3.238362789207285,0.046701173742861854,0.018306860107201846,3.005008629738938,0.08127648785240105,0.03186038323814121,0.5135821370653577,0.08974324115164187,0.03517935053144361,0.0,0.0,0.0,0.0,0.0,0.0,1.0,0.0,0.0,0.0,0.0,0.0,0.0,0.0,0.0,0.2923675926198978,0.0065435841176046715,0.002565084974101031,0.3208731089189104,0.12149163422835688,0.047624720617515895,4.0,0.0,0.0,4.0,0.0,0.0,,,,,,,,,,,,
sample_resolving,reputation_poison,oracle,25,0.5682172864391284,0.0025655810694060247,0.0010057077792071617,4.449519756651879,0.07096813045901748,0.027819507139934852,4.138979108079125,0.11836713709147227,0.046399917739857126,0.6808964185317542,0.11100602871474241,0.04351436325617902,1.0,0.0,0.0,0.0,0.0,0.0,0.0,0.0,0.0,0.0,0.0,0.0,0.0,0.0,0.0,0.0,0.0,0.0,0.0,0.0,0.0,0.0,0.0,0.0,0.0,0.0,0.0,,,,,,,,,,,,
sample_resolving,reputation_poison,sparse_online,25,0.5664787266160246,0.002445666580372888,0.0009587012995061721,4.435918106955806,0.0713150655844953,0.02795550570912216,4.125944591898398,0.11871131006829029,0.046534833546769794,0.6798742815894908,0.11080741252557486,0.043436505710025344,1.0,0.0,0.0,0.0,0.0,0.0,0.0,0.0,0.0,0.0,0.0,0.0,0.0,0.0,0.0,0.0025085233450440796,0.0007876761778981202,0.0003087690617360631,0.0,0.0,0.0,0.023700000000000002,0.004007492981902775,0.0015709372489058876,0.0,0.0,0.0,,,,,,,,,,,,
sample_resolving,trust_mimicry,algorithm1,25,0.41313543323083557,0.004372555748621562,0.001714041853459652,3.234918519383973,0.047669989886318404,0.018686636035436813,3.0013191004189697,0.08260640336346847,0.03238171011847964,0.5138559492810656,0.09025834953679965,0.03538127301842546,0.0,0.0,0.0,0.0,0.0,0.0,1.0,0.0,0.0,0.0,0.0,0.0,0.0,0.0,0.0,0.2923479451264352,0.006495298632057003,0.0025461570637663453,0.3205467068470396,0.12148917543624062,0.04762375677100632,3.9825,0.007615773105863927,0.0029853830574986594,4.0,0.0,0.0,,,,,,,,,,,,
sample_resolving,trust_mimicry,no_trust,25,0.4136424860440697,0.0050495622601363765,0.0019794284059734594,3.238821638599928,0.0472320650965774,0.01851496951785834,3.0050609857397275,0.08138141788536385,0.03190151581106263,0.5141623027907173,0.09041998672945803,0.03544463479794755,0.0,0.0,0.0,0.0,0.0,0.0,1.0,0.0,0.0,0.0,0.0,0.0,0.0,0.0,0.0,0.2921333363862133,0.006723463769360459,0.0026355977975892997,0.3205241873035133,0.12149262777177858,0.047625110086537206,4.0,0.0,0.0,4.0,0.0,0.0,,,,,,,,,,,,
sample_resolving,trust_mimicry,oracle,25,0.5682172864391284,0.0025655810694060247,0.0010057077792071617,4.449519756651879,0.07096813045901748,0.027819507139934852,4.138979108079125,0.11836713709147227,0.046399917739857126,0.6808964185317542,0.11100602871474241,0.04351436325617902,1.0,0.0,0.0,0.0,0.0,0.0,0.0,0.0,0.0,0.0,0.0,0.0,0.0,0.0,0.0,0.0,0.0,0.0,0.0,0.0,0.0,0.0,0.0,0.0,0.0,0.0,0.0,,,,,,,,,,,,
sample_resolving,trust_mimicry,sparse_online,25,0.5661361248389638,0.0026884639143138294,0.001053877854411021,4.433257361126444,0.07312161393411576,0.02866367266217338,4.12325558378376,0.11988633868847258,0.04699544476588125,0.6798343224431872,0.11075451794879959,0.04341577103592944,1.0,0.0,0.0,0.0,0.0,0.0,0.0,0.0,0.0,0.0,0.0,0.0,0.0,0.0,0.0,0.0028281909886452195,0.0012925338979993246,0.0005066732880157352,0.0,0.0,0.0,0.0151,0.0055892754449928484,0.0021909959744371966,0.0,0.0,0.0,,,,,,,,,,,,
